Title,URL,Type,Category
"هل علّق حزب الله صورة زعيمه بموقع مقتل العاروري وكتب عليها ""فداء لنعليك""؟",https://verify-sy.com/details/10183/%D9%87%D9%84-%D8%B9%D9%84%D9%91%D9%82-%D8%AD%D8%B2%D8%A8-%D8%A7%D9%84%D9%84%D9%87-%D8%B5%D9%88%D8%B1%D8%A9-%D8%B2%D8%B9%D9%8A%D9%85%D9%87-%D8%A8%D9%85%D9%88%D9%82%D8%B9-%D9%85%D9%82%D8%AA%D9%84-%D8%A7%D9%84%D8%B9%D8%A7%D8%B1%D9%88%D8%B1%D9%8A-%D9%88%D9%83%D8%AA%D8%A8-%D8%B9%D9%84%D9%8A%D9%87%D8%A7--%D9%81%D8%AF%D8%A7%D8%A1-%D9%84%D9%86%D8%B9%D9%84%D9%8A%D9%83-%D8%9F,reel,Religion
"هل قال قيادي في حماس إن ""الذين فرحوا بمقتل قاسم سليماني هم شواذ الأمة""؟",https://verify-sy.com/details/9526/%D9%87%D9%84-%D9%82%D8%A7%D9%84-%D9%82%D9%8A%D8%A7%D8%AF%D9%8A-%D9%81%D9%8A-%D8%AD%D9%85%D8%A7%D8%B3-%D8%A5%D9%86--%D8%A7%D9%84%D8%B0%D9%8A%D9%86-%D9%81%D8%B1%D8%AD%D9%88%D8%A7-%D8%A8%D9%85%D9%82%D8%AA%D9%84-%D9%82%D8%A7%D8%B3%D9%85-%D8%B3%D9%84%D9%8A%D9%85%D8%A7%D9%86%D9%8A-%D9%87%D9%85-%D8%B4%D9%88%D8%A7%D8%B0-%D8%A7%D9%84%D8%A3%D9%85%D8%A9-%D8%9F,reel,Politics
"بينهم في سوريا .. أمريكا قتلت آلاف المدنيين بسبب ""معلومات استخباراتية مغلوطة""",https://verify-sy.com/details/9513/%D8%A8%D9%8A%D9%86%D9%87%D9%85-%D9%81%D9%8A-%D8%B3%D9%88%D8%B1%D9%8A%D8%A7-..-%D8%A3%D9%85%D8%B1%D9%8A%D9%83%D8%A7-%D9%82%D8%AA%D9%84%D8%AA-%D8%A2%D9%84%D8%A7%D9%81-%D8%A7%D9%84%D9%85%D8%AF%D9%86%D9%8A%D9%8A%D9%86-%D8%A8%D8%B3%D8%A8%D8%A8--%D9%85%D8%B9%D9%84%D9%88%D9%85%D8%A7%D8%AA-%D8%A7%D8%B3%D8%AA%D8%AE%D8%A8%D8%A7%D8%B1%D8%A7%D8%AA%D9%8A%D8%A9-%D9%85%D8%BA%D9%84%D9%88%D8%B7%D8%A9-,reel,Politics
الإنتربول الدولي يؤكد منح دمشق حق الوصول إلى شبكة المنظمة العالمية,https://verify-sy.com/details/9429/%D8%A7%D9%84%D8%A5%D9%86%D8%AA%D8%B1%D8%A8%D9%88%D9%84-%D8%A7%D9%84%D8%AF%D9%88%D9%84%D9%8A-%D9%8A%D8%A4%D9%83%D8%AF-%D9%85%D9%86%D8%AD-%D8%AF%D9%85%D8%B4%D9%82-%D8%AD%D9%82-%D8%A7%D9%84%D9%88%D8%B5%D9%88%D9%84-%D8%A5%D9%84%D9%89-%D8%B4%D8%A8%D9%83%D8%A9-%D8%A7%D9%84%D9%85%D9%86%D8%B8%D9%85%D8%A9-%D8%A7%D9%84%D8%B9%D8%A7%D9%84%D9%85%D9%8A%D8%A9,reel,Politics
"تسجيل إصابات بـ ""الفطر الأسود"" في الشمال السوري ومسؤول طبي يوضح طرق الوقاية",https://verify-sy.com/details/9427/%D8%AA%D8%B3%D8%AC%D9%8A%D9%84-%D8%A5%D8%B5%D8%A7%D8%A8%D8%A7%D8%AA-%D8%A8%D9%80--%D8%A7%D9%84%D9%81%D8%B7%D8%B1-%D8%A7%D9%84%D8%A3%D8%B3%D9%88%D8%AF--%D9%81%D9%8A-%D8%A7%D9%84%D8%B4%D9%85%D8%A7%D9%84-%D8%A7%D9%84%D8%B3%D9%88%D8%B1%D9%8A-%D9%88%D9%85%D8%B3%D8%A4%D9%88%D9%84-%D8%B7%D8%A8%D9%8A-%D9%8A%D9%88%D8%B6%D8%AD-%D8%B7%D8%B1%D9%82-%D8%A7%D9%84%D9%88%D9%82%D8%A7%D9%8A%D8%A9,reel,Health
هل كشف يوتيوبر سوري جنس مولوده عبر إضاءة الأهرامات في مصر؟ (متابعة),https://verify-sy.com/details/9331/%D9%87%D9%84-%D9%83%D8%B4%D9%81-%D9%8A%D9%88%D8%AA%D9%8A%D9%88%D8%A8%D8%B1-%D8%B3%D9%88%D8%B1%D9%8A-%D8%AC%D9%86%D8%B3-%D9%85%D9%88%D9%84%D9%88%D8%AF%D9%87-%D8%B9%D8%A8%D8%B1-%D8%A5%D8%B6%D8%A7%D8%A1%D8%A9-%D8%A7%D9%84%D8%A3%D9%87%D8%B1%D8%A7%D9%85%D8%A7%D8%AA-%D9%81%D9%8A-%D9%85%D8%B5%D8%B1%D8%9F-%28%D9%85%D8%AA%D8%A7%D8%A8%D8%B9%D8%A9%29,reel,Health
فتح معبر باب السلامة أمام الراغبين بقضاء إجازة العيد في سوريا,https://verify-sy.com/details/9273/%D9%81%D8%AA%D8%AD-%D9%85%D8%B9%D8%A8%D8%B1-%D8%A8%D8%A7%D8%A8-%D8%A7%D9%84%D8%B3%D9%84%D8%A7%D9%85%D8%A9-%D8%A3%D9%85%D8%A7%D9%85-%D8%A7%D9%84%D8%B1%D8%A7%D8%BA%D8%A8%D9%8A%D9%86-%D8%A8%D9%82%D8%B6%D8%A7%D8%A1-%D8%A5%D8%AC%D8%A7%D8%B2%D8%A9-%D8%A7%D9%84%D8%B9%D9%8A%D8%AF-%D9%81%D9%8A-%D8%B3%D9%88%D8%B1%D9%8A%D8%A7,reel,Religion
من هي مايا غزال التي أصبحت أول لاجئة سورية تقود طائرة؟,https://verify-sy.com/details/9255/%D9%85%D9%86-%D9%87%D9%8A-%D9%85%D8%A7%D9%8A%D8%A7-%D8%BA%D8%B2%D8%A7%D9%84-%D8%A7%D9%84%D8%AA%D9%8A-%D8%A3%D8%B5%D8%A8%D8%AD%D8%AA-%D8%A3%D9%88%D9%84-%D9%84%D8%A7%D8%AC%D8%A6%D8%A9-%D8%B3%D9%88%D8%B1%D9%8A%D8%A9-%D8%AA%D9%82%D9%88%D8%AF-%D8%B7%D8%A7%D8%A6%D8%B1%D8%A9%D8%9F,reel,Politics
وزير من النظام السوري يجري أول زيارة رسمية إلى السعودية بعد سنوات من القطيعة,https://verify-sy.com/details/9217/%D9%88%D8%B2%D9%8A%D8%B1-%D9%85%D9%86-%D8%A7%D9%84%D9%86%D8%B8%D8%A7%D9%85-%D8%A7%D9%84%D8%B3%D9%88%D8%B1%D9%8A-%D9%8A%D8%AC%D8%B1%D9%8A-%D8%A3%D9%88%D9%84-%D8%B2%D9%8A%D8%A7%D8%B1%D8%A9-%D8%B1%D8%B3%D9%85%D9%8A%D8%A9-%D8%A5%D9%84%D9%89-%D8%A7%D9%84%D8%B3%D8%B9%D9%88%D8%AF%D9%8A%D8%A9-%D8%A8%D8%B9%D8%AF-%D8%B3%D9%86%D9%88%D8%A7%D8%AA-%D9%85%D9%86-%D8%A7%D9%84%D9%82%D8%B7%D9%8A%D8%B9%D8%A9,reel,Other
"السلطات الألمانية تمنع الاقتراع لـ ""الانتخابات الرئاسية"" في السفارة السورية ببرلين",https://verify-sy.com/details/9207/%D8%A7%D9%84%D8%B3%D9%84%D8%B7%D8%A7%D8%AA-%D8%A7%D9%84%D8%A3%D9%84%D9%85%D8%A7%D9%86%D9%8A%D8%A9-%D8%AA%D9%85%D9%86%D8%B9-%D8%A7%D9%84%D8%A7%D9%82%D8%AA%D8%B1%D8%A7%D8%B9-%D9%84%D9%80--%D8%A7%D9%84%D8%A7%D9%86%D8%AA%D8%AE%D8%A7%D8%A8%D8%A7%D8%AA-%D8%A7%D9%84%D8%B1%D8%A6%D8%A7%D8%B3%D9%8A%D8%A9--%D9%81%D9%8A-%D8%A7%D9%84%D8%B3%D9%81%D8%A7%D8%B1%D8%A9-%D8%A7%D9%84%D8%B3%D9%88%D8%B1%D9%8A%D8%A9-%D8%A8%D8%A8%D8%B1%D9%84%D9%8A%D9%86,reel,Politics
كورونا يحرم تركيا من استضافة نهائي أبطال أوروبا وقرار بنقل المباراة إلى البرتغال,https://verify-sy.com/details/9194/%D9%83%D9%88%D8%B1%D9%88%D9%86%D8%A7-%D9%8A%D8%AD%D8%B1%D9%85-%D8%AA%D8%B1%D9%83%D9%8A%D8%A7-%D9%85%D9%86-%D8%A7%D8%B3%D8%AA%D8%B6%D8%A7%D9%81%D8%A9-%D9%86%D9%87%D8%A7%D8%A6%D9%8A-%D8%A3%D8%A8%D8%B7%D8%A7%D9%84-%D8%A3%D9%88%D8%B1%D9%88%D8%A8%D8%A7-%D9%88%D9%82%D8%B1%D8%A7%D8%B1-%D8%A8%D9%86%D9%82%D9%84-%D8%A7%D9%84%D9%85%D8%A8%D8%A7%D8%B1%D8%A7%D8%A9-%D8%A5%D9%84%D9%89-%D8%A7%D9%84%D8%A8%D8%B1%D8%AA%D8%BA%D8%A7%D9%84,reel,Sports
"على خلفية محتوى يتضامن مع ""حي الشيخ جراح"" إنستغرام يعتذر",https://verify-sy.com/details/9188/%D8%B9%D9%84%D9%89-%D8%AE%D9%84%D9%81%D9%8A%D8%A9-%D9%85%D8%AD%D8%AA%D9%88%D9%89-%D9%8A%D8%AA%D8%B6%D8%A7%D9%85%D9%86-%D9%85%D8%B9--%D8%AD%D9%8A-%D8%A7%D9%84%D8%B4%D9%8A%D8%AE-%D8%AC%D8%B1%D8%A7%D8%AD--%D8%A5%D9%86%D8%B3%D8%AA%D8%BA%D8%B1%D8%A7%D9%85-%D9%8A%D8%B9%D8%AA%D8%B0%D8%B1,reel,Other
مقاطعة ألمانية تسمح للّاجئين السوريين المقيمين فيها بجلب أقاربهم بشروط محددة,https://verify-sy.com/details/9154/%D9%85%D9%82%D8%A7%D8%B7%D8%B9%D8%A9-%D8%A3%D9%84%D9%85%D8%A7%D9%86%D9%8A%D8%A9-%D8%AA%D8%B3%D9%85%D8%AD-%D9%84%D9%84%D9%91%D8%A7%D8%AC%D8%A6%D9%8A%D9%86-%D8%A7%D9%84%D8%B3%D9%88%D8%B1%D9%8A%D9%8A%D9%86-%D8%A7%D9%84%D9%85%D9%82%D9%8A%D9%85%D9%8A%D9%86-%D9%81%D9%8A%D9%87%D8%A7-%D8%A8%D8%AC%D9%84%D8%A8-%D8%A3%D9%82%D8%A7%D8%B1%D8%A8%D9%87%D9%85-%D8%A8%D8%B4%D8%B1%D9%88%D8%B7-%D9%85%D8%AD%D8%AF%D8%AF%D8%A9,reel,Other
عضو في لجنة فريق لقاح سوريا: لقاح أسترازينيكا ما زال فعالاً وسيصل الشهر القادم,https://verify-sy.com/details/9148/%D8%B9%D8%B6%D9%88-%D9%81%D9%8A-%D9%84%D8%AC%D9%86%D8%A9-%D9%81%D8%B1%D9%8A%D9%82-%D9%84%D9%82%D8%A7%D8%AD-%D8%B3%D9%88%D8%B1%D9%8A%D8%A7:-%D9%84%D9%82%D8%A7%D8%AD-%D8%A3%D8%B3%D8%AA%D8%B1%D8%A7%D8%B2%D9%8A%D9%86%D9%8A%D9%83%D8%A7-%D9%85%D8%A7-%D8%B2%D8%A7%D9%84-%D9%81%D8%B9%D8%A7%D9%84%D8%A7%D9%8B-%D9%88%D8%B3%D9%8A%D8%B5%D9%84-%D8%A7%D9%84%D8%B4%D9%87%D8%B1-%D8%A7%D9%84%D9%82%D8%A7%D8%AF%D9%85,reel,Sports
اللقاح المعتمد في شمال وشمال غربي سوريا .. مسؤول طبي يؤكد وجود صلة بين لقاح أسترازينيكا والجلطات,https://verify-sy.com/details/9147/%D8%A7%D9%84%D9%84%D9%82%D8%A7%D8%AD-%D8%A7%D9%84%D9%85%D8%B9%D8%AA%D9%85%D8%AF-%D9%81%D9%8A-%D8%B4%D9%85%D8%A7%D9%84-%D9%88%D8%B4%D9%85%D8%A7%D9%84-%D8%BA%D8%B1%D8%A8%D9%8A-%D8%B3%D9%88%D8%B1%D9%8A%D8%A7-..-%D9%85%D8%B3%D8%A4%D9%88%D9%84-%D8%B7%D8%A8%D9%8A-%D9%8A%D8%A4%D9%83%D8%AF-%D9%88%D8%AC%D9%88%D8%AF-%D8%B5%D9%84%D8%A9-%D8%A8%D9%8A%D9%86-%D9%84%D9%82%D8%A7%D8%AD-%D8%A3%D8%B3%D8%AA%D8%B1%D8%A7%D8%B2%D9%8A%D9%86%D9%8A%D9%83%D8%A7-%D9%88%D8%A7%D9%84%D8%AC%D9%84%D8%B7%D8%A7%D8%AA,reel,Health
"مصدر أردني يتهم حسناء الحريري بـ ""الإساءة للأردن"" ويؤكد نية السلطات ترحيلها",https://verify-sy.com/details/9141/%D9%85%D8%B5%D8%AF%D8%B1-%D8%A3%D8%B1%D8%AF%D9%86%D9%8A-%D9%8A%D8%AA%D9%87%D9%85-%D8%AD%D8%B3%D9%86%D8%A7%D8%A1-%D8%A7%D9%84%D8%AD%D8%B1%D9%8A%D8%B1%D9%8A-%D8%A8%D9%80--%D8%A7%D9%84%D8%A5%D8%B3%D8%A7%D8%A1%D8%A9-%D9%84%D9%84%D8%A3%D8%B1%D8%AF%D9%86--%D9%88%D9%8A%D8%A4%D9%83%D8%AF-%D9%86%D9%8A%D8%A9-%D8%A7%D9%84%D8%B3%D9%84%D8%B7%D8%A7%D8%AA-%D8%AA%D8%B1%D8%AD%D9%8A%D9%84%D9%87%D8%A7,reel,Other
قناة السويس تعلن نجاح إعادة تعويم السفينة الجانحة وتعديل مسارها بنسبة 80٪,https://verify-sy.com/details/9132/%D9%82%D9%86%D8%A7%D8%A9-%D8%A7%D9%84%D8%B3%D9%88%D9%8A%D8%B3-%D8%AA%D8%B9%D9%84%D9%86-%D9%86%D8%AC%D8%A7%D8%AD-%D8%A5%D8%B9%D8%A7%D8%AF%D8%A9-%D8%AA%D8%B9%D9%88%D9%8A%D9%85-%D8%A7%D9%84%D8%B3%D9%81%D9%8A%D9%86%D8%A9-%D8%A7%D9%84%D8%AC%D8%A7%D9%86%D8%AD%D8%A9-%D9%88%D8%AA%D8%B9%D8%AF%D9%8A%D9%84-%D9%85%D8%B3%D8%A7%D8%B1%D9%87%D8%A7-%D8%A8%D9%86%D8%B3%D8%A8%D8%A9-80%D9%AA,reel,Other
تحقيق لتأكد يكشف إحياء فصيل من (الجيش الوطني) ذكرى الثورة السورية في ليبيا,https://verify-sy.com/details/9124/%D8%AA%D8%AD%D9%82%D9%8A%D9%82-%D9%84%D8%AA%D8%A3%D9%83%D8%AF-%D9%8A%D9%83%D8%B4%D9%81-%D8%A5%D8%AD%D9%8A%D8%A7%D8%A1-%D9%81%D8%B5%D9%8A%D9%84-%D9%85%D9%86-%28%D8%A7%D9%84%D8%AC%D9%8A%D8%B4-%D8%A7%D9%84%D9%88%D8%B7%D9%86%D9%8A%29-%D8%B0%D9%83%D8%B1%D9%89-%D8%A7%D9%84%D8%AB%D9%88%D8%B1%D8%A9-%D8%A7%D9%84%D8%B3%D9%88%D8%B1%D9%8A%D8%A9-%D9%81%D9%8A-%D9%84%D9%8A%D8%A8%D9%8A%D8%A7,reel,Politics
الصورة التي تظهر تعرض مجدي نعمة (إسلام علوش) للاعتداء والضرب صحيحة وهذا مصدرها,https://verify-sy.com/details/9097/%D8%A7%D9%84%D8%B5%D9%88%D8%B1%D8%A9-%D8%A7%D9%84%D8%AA%D9%8A-%D8%AA%D8%B8%D9%87%D8%B1-%D8%AA%D8%B9%D8%B1%D8%B6-%D9%85%D8%AC%D8%AF%D9%8A-%D9%86%D8%B9%D9%85%D8%A9-%28%D8%A5%D8%B3%D9%84%D8%A7%D9%85-%D8%B9%D9%84%D9%88%D8%B4%29--%D9%84%D9%84%D8%A7%D8%B9%D8%AA%D8%AF%D8%A7%D8%A1-%D9%88%D8%A7%D9%84%D8%B6%D8%B1%D8%A8-%D8%B5%D8%AD%D9%8A%D8%AD%D8%A9-%D9%88%D9%87%D8%B0%D8%A7-%D9%85%D8%B5%D8%AF%D8%B1%D9%87%D8%A7,reel,Health
هل جرى نقل حبوب من ريف الرقة إلى مناطق سيطرة النظام باتفاق روسي تركي؟,https://verify-sy.com/details/9089/%D9%87%D9%84-%D8%AC%D8%B1%D9%89-%D9%86%D9%82%D9%84-%D8%AD%D8%A8%D9%88%D8%A8-%D9%85%D9%86-%D8%B1%D9%8A%D9%81-%D8%A7%D9%84%D8%B1%D9%82%D8%A9-%D8%A5%D9%84%D9%89-%D9%85%D9%86%D8%A7%D8%B7%D9%82-%D8%B3%D9%8A%D8%B7%D8%B1%D8%A9-%D8%A7%D9%84%D9%86%D8%B8%D8%A7%D9%85-%D8%A8%D8%A7%D8%AA%D9%81%D8%A7%D9%82-%D8%B1%D9%88%D8%B3%D9%8A-%D8%AA%D8%B1%D9%83%D9%8A%D8%9F,reel,Other
فيسبوك ترفض الدفع للناشرين وتمنع مستخدمي موقعها في أستراليا من قراءة الأخبار أو مشاركتها,https://verify-sy.com/details/9087/%D9%81%D9%8A%D8%B3%D8%A8%D9%88%D9%83-%D8%AA%D8%B1%D9%81%D8%B6-%D8%A7%D9%84%D8%AF%D9%81%D8%B9-%D9%84%D9%84%D9%86%D8%A7%D8%B4%D8%B1%D9%8A%D9%86-%D9%88%D8%AA%D9%85%D9%86%D8%B9-%D9%85%D8%B3%D8%AA%D8%AE%D8%AF%D9%85%D9%8A-%D9%85%D9%88%D9%82%D8%B9%D9%87%D8%A7-%D9%81%D9%8A-%D8%A3%D8%B3%D8%AA%D8%B1%D8%A7%D9%84%D9%8A%D8%A7-%D9%85%D9%86-%D9%82%D8%B1%D8%A7%D8%A1%D8%A9-%D8%A7%D9%84%D8%A3%D8%AE%D8%A8%D8%A7%D8%B1-%D8%A3%D9%88-%D9%85%D8%B4%D8%A7%D8%B1%D9%83%D8%AA%D9%87%D8%A7,reel,Other
"مسؤول في ""وزارة الخارجية السورية"": لا يمكن الحجز على أموال ذوي المتخلف عن الخدمة الإلزامية",https://verify-sy.com/details/9085/%D9%85%D8%B3%D8%A4%D9%88%D9%84-%D9%81%D9%8A--%D9%88%D8%B2%D8%A7%D8%B1%D8%A9-%D8%A7%D9%84%D8%AE%D8%A7%D8%B1%D8%AC%D9%8A%D8%A9-%D8%A7%D9%84%D8%B3%D9%88%D8%B1%D9%8A%D8%A9-:-%D9%84%D8%A7-%D9%8A%D9%85%D9%83%D9%86-%D8%A7%D9%84%D8%AD%D8%AC%D8%B2-%D8%B9%D9%84%D9%89-%D8%A3%D9%85%D9%88%D8%A7%D9%84-%D8%B0%D9%88%D9%8A-%D8%A7%D9%84%D9%85%D8%AA%D8%AE%D9%84%D9%81-%D8%B9%D9%86-%D8%A7%D9%84%D8%AE%D8%AF%D9%85%D8%A9-%D8%A7%D9%84%D8%A5%D9%84%D8%B2%D8%A7%D9%85%D9%8A%D8%A9,reel,Politics
هل أصدر النظام السوري قرارات جديدة بخصوص المتخلّفين عن الخدمة الإلزامية؟,https://verify-sy.com/details/9067/%D9%87%D9%84-%D8%A3%D8%B5%D8%AF%D8%B1-%D8%A7%D9%84%D9%86%D8%B8%D8%A7%D9%85-%D8%A7%D9%84%D8%B3%D9%88%D8%B1%D9%8A-%D9%82%D8%B1%D8%A7%D8%B1%D8%A7%D8%AA-%D8%AC%D8%AF%D9%8A%D8%AF%D8%A9-%D8%A8%D8%AE%D8%B5%D9%88%D8%B5-%D8%A7%D9%84%D9%85%D8%AA%D8%AE%D9%84%D9%91%D9%81%D9%8A%D9%86-%D8%B9%D9%86-%D8%A7%D9%84%D8%AE%D8%AF%D9%85%D8%A9-%D8%A7%D9%84%D8%A5%D9%84%D8%B2%D8%A7%D9%85%D9%8A%D8%A9%D8%9F,reel,Other
"مؤكد .. ""المسحة الشرجية"" أسلوب اقترحته الصين للكشف عن عدوى كورونا",https://verify-sy.com/details/9035/%D9%85%D8%A4%D9%83%D8%AF-..--%D8%A7%D9%84%D9%85%D8%B3%D8%AD%D8%A9-%D8%A7%D9%84%D8%B4%D8%B1%D8%AC%D9%8A%D8%A9--%D8%A3%D8%B3%D9%84%D9%88%D8%A8-%D8%A7%D9%82%D8%AA%D8%B1%D8%AD%D8%AA%D9%87-%D8%A7%D9%84%D8%B5%D9%8A%D9%86-%D9%84%D9%84%D9%83%D8%B4%D9%81-%D8%B9%D9%86-%D8%B9%D8%AF%D9%88%D9%89-%D9%83%D9%88%D8%B1%D9%88%D9%86%D8%A7,reel,Other
استمرار حظر التجول في هولندا رغم أعمال الشغب في العديد من المدن,https://verify-sy.com/details/9033/%D8%A7%D8%B3%D8%AA%D9%85%D8%B1%D8%A7%D8%B1-%D8%AD%D8%B8%D8%B1-%D8%A7%D9%84%D8%AA%D8%AC%D9%88%D9%84-%D9%81%D9%8A-%D9%87%D9%88%D9%84%D9%86%D8%AF%D8%A7-%D8%B1%D8%BA%D9%85-%D8%A3%D8%B9%D9%85%D8%A7%D9%84-%D8%A7%D9%84%D8%B4%D8%BA%D8%A8-%D9%81%D9%8A-%D8%A7%D9%84%D8%B9%D8%AF%D9%8A%D8%AF-%D9%85%D9%86-%D8%A7%D9%84%D9%85%D8%AF%D9%86,reel,Business
ما هي قصة اللاجئين السوريين العالقين بين المغرب والجزائر؟,https://verify-sy.com/details/9168/%D9%85%D8%A7-%D9%87%D9%8A-%D9%82%D8%B5%D8%A9-%D8%A7%D9%84%D9%84%D8%A7%D8%AC%D8%A6%D9%8A%D9%86-%D8%A7%D9%84%D8%B3%D9%88%D8%B1%D9%8A%D9%8A%D9%86-%D8%A7%D9%84%D8%B9%D8%A7%D9%84%D9%82%D9%8A%D9%86-%D8%A8%D9%8A%D9%86-%D8%A7%D9%84%D9%85%D8%BA%D8%B1%D8%A8-%D9%88%D8%A7%D9%84%D8%AC%D8%B2%D8%A7%D8%A6%D8%B1%D8%9F,reel,Other
هل تعرض بشار الأسد لمحاولة اغتيال مؤخراً وماحقيقة فيديو ساحة الأمويين؟,https://verify-sy.com/details/10294/%D9%87%D9%84-%D8%AA%D8%B9%D8%B1%D8%B6-%D8%A8%D8%B4%D8%A7%D8%B1-%D8%A7%D9%84%D8%A3%D8%B3%D8%AF-%D9%84%D9%85%D8%AD%D8%A7%D9%88%D9%84%D8%A9-%D8%A7%D8%BA%D8%AA%D9%8A%D8%A7%D9%84-%D9%85%D8%A4%D8%AE%D8%B1%D8%A7%D9%8B-%D9%88%D9%85%D8%A7%D8%AD%D9%82%D9%8A%D9%82%D8%A9-%D9%81%D9%8A%D8%AF%D9%8A%D9%88-%D8%B3%D8%A7%D8%AD%D8%A9-%D8%A7%D9%84%D8%A3%D9%85%D9%88%D9%8A%D9%8A%D9%86%D8%9F,fake,Other
ما حقيقة طعن مواطن تركي لسائحة عربية مؤخراً؟,https://verify-sy.com/details/10293/%D9%85%D8%A7-%D8%AD%D9%82%D9%8A%D9%82%D8%A9-%D8%B7%D8%B9%D9%86-%D9%85%D9%88%D8%A7%D8%B7%D9%86-%D8%AA%D8%B1%D9%83%D9%8A-%D9%84%D8%B3%D8%A7%D8%A6%D8%AD%D8%A9-%D8%B9%D8%B1%D8%A8%D9%8A%D8%A9-%D9%85%D8%A4%D8%AE%D8%B1%D8%A7%D9%8B%D8%9F,fake,Other
ما حقيقة مقتل الجنرال الاسرائيلي رومان جوفمان متأثراً بإصابته في غزة؟,https://verify-sy.com/details/10292/%D9%85%D8%A7-%D8%AD%D9%82%D9%8A%D9%82%D8%A9-%D9%85%D9%82%D8%AA%D9%84-%D8%A7%D9%84%D8%AC%D9%86%D8%B1%D8%A7%D9%84-%D8%A7%D9%84%D8%A7%D8%B3%D8%B1%D8%A7%D8%A6%D9%8A%D9%84%D9%8A-%D8%B1%D9%88%D9%85%D8%A7%D9%86-%D8%AC%D9%88%D9%81%D9%85%D8%A7%D9%86-%D9%85%D8%AA%D8%A3%D8%AB%D8%B1%D8%A7%D9%8B-%D8%A8%D8%A5%D8%B5%D8%A7%D8%A8%D8%AA%D9%87-%D9%81%D9%8A-%D8%BA%D8%B2%D8%A9%D8%9F,fake,Other
ما حقيقة عزل حزب العدالة والتنمية التركي هذه الأسماء من الإدارة المركزية بعد الانتخابات المحلية؟,https://verify-sy.com/details/10291/%D9%85%D8%A7-%D8%AD%D9%82%D9%8A%D9%82%D8%A9-%D8%B9%D8%B2%D9%84-%D8%AD%D8%B2%D8%A8-%D8%A7%D9%84%D8%B9%D8%AF%D8%A7%D9%84%D8%A9-%D9%88%D8%A7%D9%84%D8%AA%D9%86%D9%85%D9%8A%D8%A9-%D8%A7%D9%84%D8%AA%D8%B1%D9%83%D9%8A-%D9%87%D8%B0%D9%87-%D8%A7%D9%84%D8%A3%D8%B3%D9%85%D8%A7%D8%A1-%D9%85%D9%86-%D8%A7%D9%84%D8%A5%D8%AF%D8%A7%D8%B1%D8%A9-%D8%A7%D9%84%D9%85%D8%B1%D9%83%D8%B2%D9%8A%D8%A9-%D8%A8%D8%B9%D8%AF-%D8%A7%D9%84%D8%A7%D9%86%D8%AA%D8%AE%D8%A7%D8%A8%D8%A7%D8%AA-%D8%A7%D9%84%D9%85%D8%AD%D9%84%D9%8A%D8%A9%D8%9F,fake,Politics
هل يظهر مقطع الفيديو دماءاً في شوارع تل أبيب بعد حادث دهس مؤخراً؟,https://verify-sy.com/details/10290/%D9%87%D9%84-%D9%8A%D8%B8%D9%87%D8%B1-%D9%85%D9%82%D8%B7%D8%B9-%D8%A7%D9%84%D9%81%D9%8A%D8%AF%D9%8A%D9%88-%D8%AF%D9%85%D8%A7%D8%A1%D8%A7%D9%8B-%D9%81%D9%8A-%D8%B4%D9%88%D8%A7%D8%B1%D8%B9-%D8%AA%D9%84-%D8%A3%D8%A8%D9%8A%D8%A8-%D8%A8%D8%B9%D8%AF-%D8%AD%D8%A7%D8%AF%D8%AB-%D8%AF%D9%87%D8%B3-%D9%85%D8%A4%D8%AE%D8%B1%D8%A7%D9%8B%D8%9F,fake,Health
الفيديو قديم وليس لسرقة الإمارات أشجاراً من جزيرة سقطرى في اليمن,https://verify-sy.com/details/10289/%D8%A7%D9%84%D9%81%D9%8A%D8%AF%D9%8A%D9%88-%D9%82%D8%AF%D9%8A%D9%85-%D9%88%D9%84%D9%8A%D8%B3-%D9%84%D8%B3%D8%B1%D9%82%D8%A9-%D8%A7%D9%84%D8%A5%D9%85%D8%A7%D8%B1%D8%A7%D8%AA-%D8%A3%D8%B4%D8%AC%D8%A7%D8%B1%D8%A7%D9%8B-%D9%85%D9%86-%D8%AC%D8%B2%D9%8A%D8%B1%D8%A9-%D8%B3%D9%82%D8%B7%D8%B1%D9%89-%D9%81%D9%8A-%D8%A7%D9%84%D9%8A%D9%85%D9%86,fake,Other
هل أعلنت دار الإفتاء المصرية موعد أول أيام عيد الفطر المبارك؟,https://verify-sy.com/details/10288/%D9%87%D9%84-%D8%A3%D8%B9%D9%84%D9%86%D8%AA-%D8%AF%D8%A7%D8%B1-%D8%A7%D9%84%D8%A5%D9%81%D8%AA%D8%A7%D8%A1-%D8%A7%D9%84%D9%85%D8%B5%D8%B1%D9%8A%D8%A9-%D9%85%D9%88%D8%B9%D8%AF-%D8%A3%D9%88%D9%84-%D8%A3%D9%8A%D8%A7%D9%85-%D8%B9%D9%8A%D8%AF-%D8%A7%D9%84%D9%81%D8%B7%D8%B1-%D8%A7%D9%84%D9%85%D8%A8%D8%A7%D8%B1%D9%83%D8%9F,fake,Other
هذه المشاهد قديمة ولاتعود لهجمات استهدفت إسرائيل مؤخراً,https://verify-sy.com/details/10287/%D9%87%D8%B0%D9%87-%D8%A7%D9%84%D9%85%D8%B4%D8%A7%D9%87%D8%AF-%D9%82%D8%AF%D9%8A%D9%85%D8%A9-%D9%88%D9%84%D8%A7%D8%AA%D8%B9%D9%88%D8%AF-%D9%84%D9%87%D8%AC%D9%85%D8%A7%D8%AA-%D8%A7%D8%B3%D8%AA%D9%87%D8%AF%D9%81%D8%AA-%D8%A5%D8%B3%D8%B1%D8%A7%D8%A6%D9%8A%D9%84-%D9%85%D8%A4%D8%AE%D8%B1%D8%A7%D9%8B,fake,Other
هذه التسجيلات لا صلة لها بالزلزال الذي ضرب تايوان مؤخراً,https://verify-sy.com/details/10286/%D9%87%D8%B0%D9%87-%D8%A7%D9%84%D8%AA%D8%B3%D8%AC%D9%8A%D9%84%D8%A7%D8%AA-%D9%84%D8%A7-%D8%B5%D9%84%D8%A9-%D9%84%D9%87%D8%A7-%D8%A8%D8%A7%D9%84%D8%B2%D9%84%D8%B2%D8%A7%D9%84-%D8%A7%D9%84%D8%B0%D9%8A-%D8%B6%D8%B1%D8%A8-%D8%AA%D8%A7%D9%8A%D9%88%D8%A7%D9%86-%D9%85%D8%A4%D8%AE%D8%B1%D8%A7%D9%8B,fake,Other
ما حقيقة مقتل اللاجئ العراقي سلوان موميكا في النرويج؟,https://verify-sy.com/details/10285/%D9%85%D8%A7-%D8%AD%D9%82%D9%8A%D9%82%D8%A9-%D9%85%D9%82%D8%AA%D9%84-%D8%A7%D9%84%D9%84%D8%A7%D8%AC%D8%A6-%D8%A7%D9%84%D8%B9%D8%B1%D8%A7%D9%82%D9%8A-%D8%B3%D9%84%D9%88%D8%A7%D9%86-%D9%85%D9%88%D9%85%D9%8A%D9%83%D8%A7-%D9%81%D9%8A-%D8%A7%D9%84%D9%86%D8%B1%D9%88%D9%8A%D8%AC%D8%9F,fake,Other
هل يظهر الفيديو متظاهرين داعمين لغزة يعتدون على الأمن الأردني مؤخراً؟,https://verify-sy.com/details/10284/%D9%87%D9%84-%D9%8A%D8%B8%D9%87%D8%B1-%D8%A7%D9%84%D9%81%D9%8A%D8%AF%D9%8A%D9%88-%D9%85%D8%AA%D8%B8%D8%A7%D9%87%D8%B1%D9%8A%D9%86-%D8%AF%D8%A7%D8%B9%D9%85%D9%8A%D9%86-%D9%84%D8%BA%D8%B2%D8%A9-%D9%8A%D8%B9%D8%AA%D8%AF%D9%88%D9%86-%D8%B9%D9%84%D9%89-%D8%A7%D9%84%D8%A3%D9%85%D9%86-%D8%A7%D9%84%D8%A3%D8%B1%D8%AF%D9%86%D9%8A-%D9%85%D8%A4%D8%AE%D8%B1%D8%A7%D9%8B%D8%9F,fake,Other
ما حقيقة اتفاق طهران وأنقرة على انسحاب القوات التركية من الشمال السوري؟,https://verify-sy.com/details/10283/%D9%85%D8%A7-%D8%AD%D9%82%D9%8A%D9%82%D8%A9-%D8%A7%D8%AA%D9%81%D8%A7%D9%82-%D8%B7%D9%87%D8%B1%D8%A7%D9%86-%D9%88%D8%A3%D9%86%D9%82%D8%B1%D8%A9-%D8%B9%D9%84%D9%89-%D8%A7%D9%86%D8%B3%D8%AD%D8%A7%D8%A8-%D8%A7%D9%84%D9%82%D9%88%D8%A7%D8%AA-%D8%A7%D9%84%D8%AA%D8%B1%D9%83%D9%8A%D8%A9-%D9%85%D9%86-%D8%A7%D9%84%D8%B4%D9%85%D8%A7%D9%84-%D8%A7%D9%84%D8%B3%D9%88%D8%B1%D9%8A%D8%9F,fake,Other
ما حقيقة الادعاءات المتداولة حول الكسوف الشمسي المرتقب في نيسان القادم؟,https://verify-sy.com/details/10282/%D9%85%D8%A7-%D8%AD%D9%82%D9%8A%D9%82%D8%A9-%D8%A7%D9%84%D8%A7%D8%AF%D8%B9%D8%A7%D8%A1%D8%A7%D8%AA-%D8%A7%D9%84%D9%85%D8%AA%D8%AF%D8%A7%D9%88%D9%84%D8%A9-%D8%AD%D9%88%D9%84-%D8%A7%D9%84%D9%83%D8%B3%D9%88%D9%81-%D8%A7%D9%84%D8%B4%D9%85%D8%B3%D9%8A-%D8%A7%D9%84%D9%85%D8%B1%D8%AA%D9%82%D8%A8-%D9%81%D9%8A-%D9%86%D9%8A%D8%B3%D8%A7%D9%86-%D8%A7%D9%84%D9%82%D8%A7%D8%AF%D9%85%D8%9F,fake,Other
الفيديو قديم وليس لأعمال شغب قام بها متظاهرون داعمون لغزة في الأردن مؤخراً,https://verify-sy.com/details/10281/%D8%A7%D9%84%D9%81%D9%8A%D8%AF%D9%8A%D9%88-%D9%82%D8%AF%D9%8A%D9%85-%D9%88%D9%84%D9%8A%D8%B3-%D9%84%D8%A3%D8%B9%D9%85%D8%A7%D9%84-%D8%B4%D8%BA%D8%A8-%D9%82%D8%A7%D9%85-%D8%A8%D9%87%D8%A7-%D9%85%D8%AA%D8%B8%D8%A7%D9%87%D8%B1%D9%88%D9%86-%D8%AF%D8%A7%D8%B9%D9%85%D9%88%D9%86-%D9%84%D8%BA%D8%B2%D8%A9-%D9%81%D9%8A-%D8%A7%D9%84%D8%A3%D8%B1%D8%AF%D9%86-%D9%85%D8%A4%D8%AE%D8%B1%D8%A7%D9%8B,fake,Business
هذه الصور ليست لانفجارات أعقبت غارات استهدفت حلب مؤخراً؟,https://verify-sy.com/details/10280/%D9%87%D8%B0%D9%87-%D8%A7%D9%84%D8%B5%D9%88%D8%B1-%D9%84%D9%8A%D8%B3%D8%AA-%D9%84%D8%A7%D9%86%D9%81%D8%AC%D8%A7%D8%B1%D8%A7%D8%AA-%D8%A3%D8%B9%D9%82%D8%A8%D8%AA-%D8%BA%D8%A7%D8%B1%D8%A7%D8%AA-%D8%A7%D8%B3%D8%AA%D9%87%D8%AF%D9%81%D8%AA-%D8%AD%D9%84%D8%A8-%D9%85%D8%A4%D8%AE%D8%B1%D8%A7%D9%8B%D8%9F,fake,Other
ما حقيقة دخول الأسطول البحري الروسي إلى البحر الأحمر مؤخراً؟,https://verify-sy.com/details/10279/%D9%85%D8%A7-%D8%AD%D9%82%D9%8A%D9%82%D8%A9-%D8%AF%D8%AE%D9%88%D9%84-%D8%A7%D9%84%D8%A3%D8%B3%D8%B7%D9%88%D9%84-%D8%A7%D9%84%D8%A8%D8%AD%D8%B1%D9%8A-%D8%A7%D9%84%D8%B1%D9%88%D8%B3%D9%8A-%D8%A5%D9%84%D9%89-%D8%A7%D9%84%D8%A8%D8%AD%D8%B1-%D8%A7%D9%84%D8%A3%D8%AD%D9%85%D8%B1-%D9%85%D8%A4%D8%AE%D8%B1%D8%A7%D9%8B%D8%9F,fake,Other
هل يظهر هذا الفيديو امرأة تركية ادعت أنها مريم العذراء؟,https://verify-sy.com/details/10278/%D9%87%D9%84-%D9%8A%D8%B8%D9%87%D8%B1-%D9%87%D8%B0%D8%A7-%D8%A7%D9%84%D9%81%D9%8A%D8%AF%D9%8A%D9%88-%D8%A7%D9%85%D8%B1%D8%A3%D8%A9-%D8%AA%D8%B1%D9%83%D9%8A%D8%A9-%D8%A7%D8%AF%D8%B9%D8%AA-%D8%A3%D9%86%D9%87%D8%A7-%D9%85%D8%B1%D9%8A%D9%85-%D8%A7%D9%84%D8%B9%D8%B0%D8%B1%D8%A7%D8%A1%D8%9F,fake,Other
ما حقيقة تحدي المغني ديدي للسلطات الأمريكية بتسجيل من أمام طائرته الخاصة؟,https://verify-sy.com/details/10277/%D9%85%D8%A7-%D8%AD%D9%82%D9%8A%D9%82%D8%A9-%D8%AA%D8%AD%D8%AF%D9%8A-%D8%A7%D9%84%D9%85%D8%BA%D9%86%D9%8A-%D8%AF%D9%8A%D8%AF%D9%8A-%D9%84%D9%84%D8%B3%D9%84%D8%B7%D8%A7%D8%AA-%D8%A7%D9%84%D8%A3%D9%85%D8%B1%D9%8A%D9%83%D9%8A%D8%A9-%D8%A8%D8%AA%D8%B3%D8%AC%D9%8A%D9%84-%D9%85%D9%86-%D8%A3%D9%85%D8%A7%D9%85-%D8%B7%D8%A7%D8%A6%D8%B1%D8%AA%D9%87-%D8%A7%D9%84%D8%AE%D8%A7%D8%B5%D8%A9%D8%9F,fake,Other
هل يظهر مقطع الفيديو منع قاذفات أمريكية من اختراق أجواء روسيا مؤخراً؟,https://verify-sy.com/details/10276/%D9%87%D9%84-%D9%8A%D8%B8%D9%87%D8%B1-%D9%85%D9%82%D8%B7%D8%B9-%D8%A7%D9%84%D9%81%D9%8A%D8%AF%D9%8A%D9%88-%D9%85%D9%86%D8%B9-%D9%82%D8%A7%D8%B0%D9%81%D8%A7%D8%AA-%D8%A3%D9%85%D8%B1%D9%8A%D9%83%D9%8A%D8%A9-%D9%85%D9%86-%D8%A7%D8%AE%D8%AA%D8%B1%D8%A7%D9%82-%D8%A3%D8%AC%D9%88%D8%A7%D8%A1-%D8%B1%D9%88%D8%B3%D9%8A%D8%A7-%D9%85%D8%A4%D8%AE%D8%B1%D8%A7%D9%8B%D8%9F,fake,Other
ما حقيقة طرد مفتي مصر السابق بسبب مهاجمته المجاهدين في فلسطين ؟,https://verify-sy.com/details/10275/%D9%85%D8%A7-%D8%AD%D9%82%D9%8A%D9%82%D8%A9-%D8%B7%D8%B1%D8%AF-%D9%85%D9%81%D8%AA%D9%8A-%D9%85%D8%B5%D8%B1-%D8%A7%D9%84%D8%B3%D8%A7%D8%A8%D9%82-%D8%A8%D8%B3%D8%A8%D8%A8-%D9%85%D9%87%D8%A7%D8%AC%D9%85%D8%AA%D9%87-%D8%A7%D9%84%D9%85%D8%AC%D8%A7%D9%87%D8%AF%D9%8A%D9%86-%D9%81%D9%8A-%D9%81%D9%84%D8%B3%D8%B7%D9%8A%D9%86-%D8%9F,fake,Religion
الفيديو قديم وليس لقصف الجيش الروسي العاصمة الأوكرانية كييف مؤخراً,https://verify-sy.com/details/10274/%D8%A7%D9%84%D9%81%D9%8A%D8%AF%D9%8A%D9%88-%D9%82%D8%AF%D9%8A%D9%85-%D9%88%D9%84%D9%8A%D8%B3-%D9%84%D9%82%D8%B5%D9%81-%D8%A7%D9%84%D8%AC%D9%8A%D8%B4-%D8%A7%D9%84%D8%B1%D9%88%D8%B3%D9%8A-%D8%A7%D9%84%D8%B9%D8%A7%D8%B5%D9%85%D8%A9-%D8%A7%D9%84%D8%A3%D9%88%D9%83%D8%B1%D8%A7%D9%86%D9%8A%D8%A9-%D9%83%D9%8A%D9%8A%D9%81-%D9%85%D8%A4%D8%AE%D8%B1%D8%A7%D9%8B,fake,Politics
هذه الصور لشاب سوري وليست لأفغاني قتل في غزة مؤخراً؟,https://verify-sy.com/details/10273/%D9%87%D8%B0%D9%87-%D8%A7%D9%84%D8%B5%D9%88%D8%B1-%D9%84%D8%B4%D8%A7%D8%A8-%D8%B3%D9%88%D8%B1%D9%8A-%D9%88%D9%84%D9%8A%D8%B3%D8%AA-%D9%84%D8%A3%D9%81%D8%BA%D8%A7%D9%86%D9%8A-%D9%82%D8%AA%D9%84-%D9%81%D9%8A-%D8%BA%D8%B2%D8%A9-%D9%85%D8%A4%D8%AE%D8%B1%D8%A7%D9%8B%D8%9F,fake,Other
"ما حقيقة اعتقال روسيا للمدعو عبد الحكيم الشيشاني المتورط بهجوم ""كروكوس"" قرب موسكو؟",https://verify-sy.com/details/10272/%D9%85%D8%A7-%D8%AD%D9%82%D9%8A%D9%82%D8%A9-%D8%A7%D8%B9%D8%AA%D9%82%D8%A7%D9%84-%D8%B1%D9%88%D8%B3%D9%8A%D8%A7-%D9%84%D9%84%D9%85%D8%AF%D8%B9%D9%88-%D8%B9%D8%A8%D8%AF-%D8%A7%D9%84%D8%AD%D9%83%D9%8A%D9%85-%D8%A7%D9%84%D8%B4%D9%8A%D8%B4%D8%A7%D9%86%D9%8A-%D8%A7%D9%84%D9%85%D8%AA%D9%88%D8%B1%D8%B7-%D8%A8%D9%87%D8%AC%D9%88%D9%85--%D9%83%D8%B1%D9%88%D9%83%D9%88%D8%B3--%D9%82%D8%B1%D8%A8-%D9%85%D9%88%D8%B3%D9%83%D9%88%D8%9F,fake,Other
هل يظهر هذا الفيديو تحرك الترسانة النووية الروسية مؤخراً؟,https://verify-sy.com/details/10271/%D9%87%D9%84-%D9%8A%D8%B8%D9%87%D8%B1-%D9%87%D8%B0%D8%A7-%D8%A7%D9%84%D9%81%D9%8A%D8%AF%D9%8A%D9%88-%D8%AA%D8%AD%D8%B1%D9%83-%D8%A7%D9%84%D8%AA%D8%B1%D8%B3%D8%A7%D9%86%D8%A9-%D8%A7%D9%84%D9%86%D9%88%D9%88%D9%8A%D8%A9-%D8%A7%D9%84%D8%B1%D9%88%D8%B3%D9%8A%D8%A9-%D9%85%D8%A4%D8%AE%D8%B1%D8%A7%D9%8B%D8%9F,fake,Other
"هذه الصورة ليست لمنفذي هجوم ""كروكوس سيتي هول"" قرب موسكو",https://verify-sy.com/details/10270/%D9%87%D8%B0%D9%87-%D8%A7%D9%84%D8%B5%D9%88%D8%B1%D8%A9-%D9%84%D9%8A%D8%B3%D8%AA-%D9%84%D9%85%D9%86%D9%81%D8%B0%D9%8A-%D9%87%D8%AC%D9%88%D9%85--%D9%83%D8%B1%D9%88%D9%83%D9%88%D8%B3-%D8%B3%D9%8A%D8%AA%D9%8A-%D9%87%D9%88%D9%84--%D9%82%D8%B1%D8%A8-%D9%85%D9%88%D8%B3%D9%83%D9%88,fake,Other
هذه الصور من غزة وليست لضحايا وناجين من تفجير جماعة الحوثي منازلاً في اليمن مؤخراً,https://verify-sy.com/details/10269/%D9%87%D8%B0%D9%87-%D8%A7%D9%84%D8%B5%D9%88%D8%B1-%D9%85%D9%86-%D8%BA%D8%B2%D8%A9-%D9%88%D9%84%D9%8A%D8%B3%D8%AA-%D9%84%D8%B6%D8%AD%D8%A7%D9%8A%D8%A7-%D9%88%D9%86%D8%A7%D8%AC%D9%8A%D9%86-%D9%85%D9%86-%D8%AA%D9%81%D8%AC%D9%8A%D8%B1-%D8%AC%D9%85%D8%A7%D8%B9%D8%A9-%D8%A7%D9%84%D8%AD%D9%88%D8%AB%D9%8A-%D9%85%D9%86%D8%A7%D8%B2%D9%84%D8%A7%D9%8B-%D9%81%D9%8A-%D8%A7%D9%84%D9%8A%D9%85%D9%86-%D9%85%D8%A4%D8%AE%D8%B1%D8%A7%D9%8B,fake,Other
هل صرح قيادي في حماس بأن الحركة تسرعت في هجوم 7 أكتوبر ؟,https://verify-sy.com/details/10267/%D9%87%D9%84-%D8%B5%D8%B1%D8%AD-%D9%82%D9%8A%D8%A7%D8%AF%D9%8A-%D9%81%D9%8A-%D8%AD%D9%85%D8%A7%D8%B3-%D8%A8%D8%A3%D9%86-%D8%A7%D9%84%D8%AD%D8%B1%D9%83%D8%A9-%D8%AA%D8%B3%D8%B1%D8%B9%D8%AA-%D9%81%D9%8A-%D9%87%D8%AC%D9%88%D9%85-7-%D8%A3%D9%83%D8%AA%D9%88%D8%A8%D8%B1-%D8%9F,fake,Other
الفيديو قديم وليس لتوزيع عناصر من المقاومة هدايا عيد الفطر على الأطفال في غزة  12 أبريل 2024,https://misbar.com//factcheck/2024/04/12/%D8%A7%D9%84%D9%81%D9%8A%D8%AF%D9%8A%D9%88-%D9%82%D8%AF%D9%8A%D9%85-%D9%88%D9%84%D9%8A%D8%B3-%D9%84%D8%AA%D9%88%D8%B2%D9%8A%D8%B9-%D8%B9%D9%86%D8%A7%D8%B5%D8%B1-%D9%85%D9%86-%D8%A7%D9%84%D9%85%D9%82%D8%A7%D9%88%D9%85%D8%A9-%D9%87%D8%AF%D8%A7%D9%8A%D8%A7-%D8%B9%D9%8A%D8%AF-%D8%A7%D9%84%D9%81%D8%B7%D8%B1-%D8%B9%D9%84-%D8%A7%D9%84%D8%A3%D8%B7%D9%81%D8%A7%D9%84-%D9%81%D9%8A-%D8%BA%D8%B2%D8%A9,,Other
الفيديو قديم وليس لتوزيع عناصر من المقاومة هدايا عيد الفطر على الأطفال في غزة  12 أبريل 2024,https://misbar.com//factcheck/2024/04/12/%D8%A7%D9%84%D9%81%D9%8A%D8%AF%D9%8A%D9%88-%D9%82%D8%AF%D9%8A%D9%85-%D9%88%D9%84%D9%8A%D8%B3-%D9%84%D8%AA%D9%88%D8%B2%D9%8A%D8%B9-%D8%B9%D9%86%D8%A7%D8%B5%D8%B1-%D9%85%D9%86-%D8%A7%D9%84%D9%85%D9%82%D8%A7%D9%88%D9%85%D8%A9-%D9%87%D8%AF%D8%A7%D9%8A%D8%A7-%D8%B9%D9%8A%D8%AF-%D8%A7%D9%84%D9%81%D8%B7%D8%B1-%D8%B9%D9%84-%D8%A7%D9%84%D8%A3%D8%B7%D9%81%D8%A7%D9%84-%D9%81%D9%8A-%D8%BA%D8%B2%D8%A9,,Other
الصورة من الهجوم المسلح على مركز كروكس الروسي وليست لانفجار في حيفا  12 أبريل 2024,https://misbar.com//factcheck/2024/04/12/%D8%A7%D9%84%D8%B5%D9%88%D8%B1%D8%A9-%D9%85%D9%86-%D8%A7%D9%84%D9%87%D8%AC%D9%88%D9%85-%D8%A7%D9%84%D9%85%D8%B3%D9%84%D8%AD-%D8%B9%D9%84-%D9%85%D8%B1%D9%83%D8%B2-%D9%83%D8%B1%D9%88%D9%83%D8%B3-%D8%A7%D9%84%D8%B1%D9%88%D8%B3%D9%8A-%D9%88%D9%84%D9%8A%D8%B3%D8%AA-%D9%84%D8%A7%D9%86%D9%81%D8%AC%D8%A7%D8%B1-%D9%81%D9%8A-%D8%AD%D9%8A%D9%81%D8%A7,,Other
الصورة من الهجوم المسلح على مركز كروكس الروسي وليست لانفجار في حيفا  12 أبريل 2024,https://misbar.com//factcheck/2024/04/12/%D8%A7%D9%84%D8%B5%D9%88%D8%B1%D8%A9-%D9%85%D9%86-%D8%A7%D9%84%D9%87%D8%AC%D9%88%D9%85-%D8%A7%D9%84%D9%85%D8%B3%D9%84%D8%AD-%D8%B9%D9%84-%D9%85%D8%B1%D9%83%D8%B2-%D9%83%D8%B1%D9%88%D9%83%D8%B3-%D8%A7%D9%84%D8%B1%D9%88%D8%B3%D9%8A-%D9%88%D9%84%D9%8A%D8%B3%D8%AA-%D9%84%D8%A7%D9%86%D9%81%D8%AC%D8%A7%D8%B1-%D9%81%D9%8A-%D8%AD%D9%8A%D9%81%D8%A7,,Other
الصورة قديمة وليست لسقوط صواريخ على إيلات حديثًا  12 أبريل 2024,https://misbar.com//factcheck/2024/04/12/%D8%A7%D9%84%D8%B5%D9%88%D8%B1%D8%A9-%D9%82%D8%AF%D9%8A%D9%85%D8%A9-%D9%88%D9%84%D9%8A%D8%B3%D8%AA-%D9%84%D8%B3%D9%82%D9%88%D8%B7-%D8%B5%D9%88%D8%A7%D8%B1%D9%8A%D8%AE-%D8%A3%D8%B7%D9%84%D9%82%D8%AA%D9%87%D8%A7-%D8%A7%D9%84%D9%85%D9%82%D8%A7%D9%88%D9%85%D8%A9-%D8%A7%D9%84%D8%B9%D8%B1%D8%A7%D9%82%D9%8A%D8%A9-%D8%B9%D9%84-%D8%A5%D9%8A%D9%84%D8%A7%D8%AA-%D8%AD%D8%AF%D9%8A%D8%AB%D8%A7,,Other
الصورة قديمة وليست لسقوط صواريخ على إيلات حديثًا  12 أبريل 2024,https://misbar.com//factcheck/2024/04/12/%D8%A7%D9%84%D8%B5%D9%88%D8%B1%D8%A9-%D9%82%D8%AF%D9%8A%D9%85%D8%A9-%D9%88%D9%84%D9%8A%D8%B3%D8%AA-%D9%84%D8%B3%D9%82%D9%88%D8%B7-%D8%B5%D9%88%D8%A7%D8%B1%D9%8A%D8%AE-%D8%A3%D8%B7%D9%84%D9%82%D8%AA%D9%87%D8%A7-%D8%A7%D9%84%D9%85%D9%82%D8%A7%D9%88%D9%85%D8%A9-%D8%A7%D9%84%D8%B9%D8%B1%D8%A7%D9%82%D9%8A%D8%A9-%D8%B9%D9%84-%D8%A5%D9%8A%D9%84%D8%A7%D8%AA-%D8%AD%D8%AF%D9%8A%D8%AB%D8%A7,,Other
فيديو إعلان تحرير الشام استهداف موكب بشار الأسد أثناء توجهه لصلاة العيد يعود لعام 2013,https://misbar.com//factcheck/2024/04/11/%D9%81%D9%8A%D8%AF%D9%8A%D9%88-%D8%A5%D8%B9%D9%84%D8%A7%D9%86-%D8%AA%D8%AD%D8%B1%D9%8A%D8%B1-%D8%A7%D9%84%D8%B4%D8%A7%D9%85-%D8%A7%D8%B3%D8%AA%D9%87%D8%AF%D8%A7%D9%81-%D9%85%D9%88%D9%83%D8%A8-%D8%A8%D8%B4%D8%A7%D8%B1-%D8%A7%D9%84%D8%A3%D8%B3%D8%AF-%D8%A3%D8%AB%D9%86%D8%A7%D8%A1-%D8%AA%D9%88%D8%AC%D9%87%D9%87-%D9%84%D8%B5%D9%84%D8%A7%D8%A9-%D8%A7%D9%84%D8%B9%D9%8A%D8%AF-%D9%8A%D8%B9%D9%88%D8%AF-%D9%84%D8%B9%D8%A7%D9%85-2013,,Religion
فيديو إعلان تحرير الشام استهداف موكب بشار الأسد أثناء توجهه لصلاة العيد يعود لعام 2013,https://misbar.com//factcheck/2024/04/11/%D9%81%D9%8A%D8%AF%D9%8A%D9%88-%D8%A5%D8%B9%D9%84%D8%A7%D9%86-%D8%AA%D8%AD%D8%B1%D9%8A%D8%B1-%D8%A7%D9%84%D8%B4%D8%A7%D9%85-%D8%A7%D8%B3%D8%AA%D9%87%D8%AF%D8%A7%D9%81-%D9%85%D9%88%D9%83%D8%A8-%D8%A8%D8%B4%D8%A7%D8%B1-%D8%A7%D9%84%D8%A3%D8%B3%D8%AF-%D8%A3%D8%AB%D9%86%D8%A7%D8%A1-%D8%AA%D9%88%D8%AC%D9%87%D9%87-%D9%84%D8%B5%D9%84%D8%A7%D8%A9-%D8%A7%D9%84%D8%B9%D9%8A%D8%AF-%D9%8A%D8%B9%D9%88%D8%AF-%D9%84%D8%B9%D8%A7%D9%85-2013,,Religion
الصور قديمة وليست لاستهداف مدينة إيلات المحتلة بصواريخ يمنية في التاسع من إبريل,https://misbar.com//factcheck/2024/04/10/%D8%A7%D9%84%D8%B5%D9%88%D8%B1-%D9%82%D8%AF%D9%8A%D9%85%D8%A9-%D9%88%D9%84%D9%8A%D8%B3%D8%AA-%D9%84%D8%A7%D8%B3%D8%AA%D9%87%D8%AF%D8%A7%D9%81-%D9%85%D8%AF%D9%8A%D9%86%D8%A9-%D8%A5%D9%8A%D9%84%D8%A7%D8%AA-%D8%A7%D9%84%D9%85%D8%AD%D8%AA%D9%84%D8%A9-%D8%A8%D8%B5%D9%88%D8%A7%D8%B1%D9%8A%D8%AE-%D9%8A%D9%85%D9%86%D9%8A%D8%A9,,Religion
الصور قديمة وليست لاستهداف مدينة إيلات المحتلة بصواريخ يمنية في التاسع من إبريل,https://misbar.com//factcheck/2024/04/10/%D8%A7%D9%84%D8%B5%D9%88%D8%B1-%D9%82%D8%AF%D9%8A%D9%85%D8%A9-%D9%88%D9%84%D9%8A%D8%B3%D8%AA-%D9%84%D8%A7%D8%B3%D8%AA%D9%87%D8%AF%D8%A7%D9%81-%D9%85%D8%AF%D9%8A%D9%86%D8%A9-%D8%A5%D9%8A%D9%84%D8%A7%D8%AA-%D8%A7%D9%84%D9%85%D8%AD%D8%AA%D9%84%D8%A9-%D8%A8%D8%B5%D9%88%D8%A7%D8%B1%D9%8A%D8%AE-%D9%8A%D9%85%D9%86%D9%8A%D8%A9,,Religion
الصور ليست لشاب ليبي الجنسية تزوج ابنة بيل غيتس,https://misbar.com//factcheck/2024/04/10/%D8%A7%D9%84%D8%B5%D9%88%D8%B1-%D9%84%D9%8A%D8%B3%D8%AA-%D9%84%D8%B4%D8%A7%D8%A8-%D9%84%D9%8A%D8%A8%D9%8A-%D8%A7%D9%84%D8%AC%D9%86%D8%B3%D9%8A%D8%A9-%D8%AA%D8%B2%D9%88%D8%AC-%D8%A7%D8%A8%D9%86%D8%A9-%D8%A8%D9%8A%D9%84-%D8%BA%D9%8A%D8%AA%D8%B3,,Health
الصور ليست لشاب ليبي الجنسية تزوج ابنة بيل غيتس,https://misbar.com//factcheck/2024/04/10/%D8%A7%D9%84%D8%B5%D9%88%D8%B1-%D9%84%D9%8A%D8%B3%D8%AA-%D9%84%D8%B4%D8%A7%D8%A8-%D9%84%D9%8A%D8%A8%D9%8A-%D8%A7%D9%84%D8%AC%D9%86%D8%B3%D9%8A%D8%A9-%D8%AA%D8%B2%D9%88%D8%AC-%D8%A7%D8%A8%D9%86%D8%A9-%D8%A8%D9%8A%D9%84-%D8%BA%D9%8A%D8%AA%D8%B3,,Health
المنشور ليس من حساب رسمي للرئيس الإيراني يتوعد فيه باستهداف إسرائيل,https://misbar.com//factcheck/2024/04/11/%D8%A7%D9%84%D9%85%D9%86%D8%B4%D9%88%D8%B1-%D9%84%D9%8A%D8%B3-%D9%85%D9%86-%D8%AD%D8%B3%D8%A7%D8%A8-%D8%B1%D8%B3%D9%85%D9%8A-%D9%84%D9%84%D8%B1%D8%A6%D9%8A%D8%B3-%D8%A7%D9%84%D8%A5%D9%8A%D8%B1%D8%A7%D9%86%D9%8A-%D9%8A%D8%AA%D9%88%D8%B9%D8%AF-%D9%81%D9%8A%D9%87-%D8%A8%D8%A7%D8%B3%D8%AA%D9%87%D8%AF%D8%A7%D9%81-%D8%A5%D8%B3%D8%B1%D8%A7%D8%A6%D9%8A%D9%84,,Other
المنشور ليس من حساب رسمي للرئيس الإيراني يتوعد فيه باستهداف إسرائيل,https://misbar.com//factcheck/2024/04/11/%D8%A7%D9%84%D9%85%D9%86%D8%B4%D9%88%D8%B1-%D9%84%D9%8A%D8%B3-%D9%85%D9%86-%D8%AD%D8%B3%D8%A7%D8%A8-%D8%B1%D8%B3%D9%85%D9%8A-%D9%84%D9%84%D8%B1%D8%A6%D9%8A%D8%B3-%D8%A7%D9%84%D8%A5%D9%8A%D8%B1%D8%A7%D9%86%D9%8A-%D9%8A%D8%AA%D9%88%D8%B9%D8%AF-%D9%81%D9%8A%D9%87-%D8%A8%D8%A7%D8%B3%D8%AA%D9%87%D8%AF%D8%A7%D9%81-%D8%A5%D8%B3%D8%B1%D8%A7%D8%A6%D9%8A%D9%84,,Other
فيديو تصوير كسوف الشمس من الطائرة قديم وليس من الكسوف الكلي الأخير,https://misbar.com//factcheck/2024/04/09/%D9%81%D9%8A%D8%AF%D9%8A%D9%88-%D8%AA%D8%B5%D9%88%D9%8A%D8%B1-%D9%83%D8%B3%D9%88%D9%81-%D8%A7%D9%84%D8%B4%D9%85%D8%B3-%D9%85%D9%86-%D8%A7%D9%84%D8%B7%D8%A7%D8%A6%D8%B1%D8%A9-%D9%82%D8%AF%D9%8A%D9%85-%D9%88%D9%84%D9%8A%D8%B3-%D9%85%D9%86-%D8%A7%D9%84%D9%83%D8%B3%D9%88%D9%81-%D8%A7%D9%84%D9%83%D9%84%D9%8A-%D8%A7%D9%84%D8%A3%D8%AE%D9%8A%D8%B1,,Other
فيديو تصوير كسوف الشمس من الطائرة قديم وليس من الكسوف الكلي الأخير,https://misbar.com//factcheck/2024/04/09/%D9%81%D9%8A%D8%AF%D9%8A%D9%88-%D8%AA%D8%B5%D9%88%D9%8A%D8%B1-%D9%83%D8%B3%D9%88%D9%81-%D8%A7%D9%84%D8%B4%D9%85%D8%B3-%D9%85%D9%86-%D8%A7%D9%84%D8%B7%D8%A7%D8%A6%D8%B1%D8%A9-%D9%82%D8%AF%D9%8A%D9%85-%D9%88%D9%84%D9%8A%D8%B3-%D9%85%D9%86-%D8%A7%D9%84%D9%83%D8%B3%D9%88%D9%81-%D8%A7%D9%84%D9%83%D9%84%D9%8A-%D8%A7%D9%84%D8%A3%D8%AE%D9%8A%D8%B1,,Other
فيديو قديم لعبد السلام هنية وليس لشقيقه حازم الذي قُتل مع أخوين آخرين له في القصف الإسرائيلي,https://misbar.com//factcheck/2024/04/11/%D8%A7%D9%84%D9%81%D9%8A%D8%AF%D9%8A%D9%88-%D9%84%D8%B9%D8%A8%D8%AF-%D8%A7%D9%84%D8%B3%D9%84%D8%A7%D9%85-%D9%87%D9%86%D9%8A%D8%A9-%D9%88%D9%84%D9%8A%D8%B3-%D9%84%D8%B4%D9%82%D9%8A%D9%82%D9%87-%D8%AD%D8%A7%D8%B2%D9%85-%D8%A7%D9%84%D8%B0%D9%8A-%D9%82%D8%AA%D9%84-%D9%85%D8%B9-%D8%A3%D8%AE%D9%88%D9%8A%D9%86-%D8%A2%D8%AE%D8%B1%D9%8A%D9%86-%D9%84%D9%87-%D9%81%D9%8A-%D8%A7%D9%84%D9%82%D8%B5%D9%81-%D8%A7%D9%84%D8%A5%D8%B3%D8%B1%D8%A7%D8%A6%D9%8A%D9%84%D9%8A,,Other
فيديو قديم لعبد السلام هنية وليس لشقيقه حازم الذي قُتل مع أخوين آخرين له في القصف الإسرائيلي,https://misbar.com//factcheck/2024/04/11/%D8%A7%D9%84%D9%81%D9%8A%D8%AF%D9%8A%D9%88-%D9%84%D8%B9%D8%A8%D8%AF-%D8%A7%D9%84%D8%B3%D9%84%D8%A7%D9%85-%D9%87%D9%86%D9%8A%D8%A9-%D9%88%D9%84%D9%8A%D8%B3-%D9%84%D8%B4%D9%82%D9%8A%D9%82%D9%87-%D8%AD%D8%A7%D8%B2%D9%85-%D8%A7%D9%84%D8%B0%D9%8A-%D9%82%D8%AA%D9%84-%D9%85%D8%B9-%D8%A3%D8%AE%D9%88%D9%8A%D9%86-%D8%A2%D8%AE%D8%B1%D9%8A%D9%86-%D9%84%D9%87-%D9%81%D9%8A-%D8%A7%D9%84%D9%82%D8%B5%D9%81-%D8%A7%D9%84%D8%A5%D8%B3%D8%B1%D8%A7%D8%A6%D9%8A%D9%84%D9%8A,,Other
لحجب الحقيقة: إسرائيل تواصل منع الصحفيين الدوليين من تغطية الحرب على غزةانتقدت رابطة الصحافة الأجنبية (FPA)، إسرائيل، لمنعها الصحفيين الدوليين من الوصول إلى قطاع غزة، مشيرة إلى أن تل أبيب تحاول منع بقية العالم من رؤية حجم الدمار الذي أحدثه جيش الاحتلال.الحظر الإسرائيلي يحد من قدرة العالم على رؤية الحقيقة في غزةودعا بيان للرابطة، السلطات الإسرائيلية، إلى منح وسائل الإعلاإسلام عزيز 11 أبريل 2024,https://misbar.com//editorial/2024/04/11/%D9%84%D8%AD%D8%AC%D8%A8-%D8%A7%D9%84%D8%AD%D9%82%D9%8A%D9%82%D8%A9-%D8%A5%D8%B3%D8%B1%D8%A7%D8%A6%D9%8A%D9%84-%D8%AA%D9%88%D8%A7%D8%B5%D9%84-%D9%85%D9%86%D8%B9-%D8%A7%D9%84%D8%B5%D8%AD%D9%81%D9%8A%D9%8A%D9%86-%D8%A7%D9%84%D8%AF%D9%88%D9%84%D9%8A%D9%8A%D9%86-%D9%85%D9%86-%D8%AA%D8%BA%D8%B7%D9%8A%D8%A9-%D8%A7%D9%84%D8%AD%D8%B1%D8%A8-%D8%B9%D9%84-%D8%BA%D8%B2%D8%A9,,Politics
لحجب الحقيقة: إسرائيل تواصل منع الصحفيين الدوليين من تغطية الحرب على غزةانتقدت رابطة الصحافة الأجنبية (FPA)، إسرائيل، لمنعها الصحفيين الدوليين من الوصول إلى قطاع غزة، مشيرة إلى أن تل أبيب تحاول منع بقية العالم من رؤية حجم الدمار الذي أحدثه جيش الاحتلال.الحظر الإسرائيلي يحد من قدرة العالم على رؤية الحقيقة في غزةودعا بيان للرابطة، السلطات الإسرائيلية، إلى منح وسائل الإعلاإسلام عزيز 11 أبريل 2024,https://misbar.com//editorial/2024/04/11/%D9%84%D8%AD%D8%AC%D8%A8-%D8%A7%D9%84%D8%AD%D9%82%D9%8A%D9%82%D8%A9-%D8%A5%D8%B3%D8%B1%D8%A7%D8%A6%D9%8A%D9%84-%D8%AA%D9%88%D8%A7%D8%B5%D9%84-%D9%85%D9%86%D8%B9-%D8%A7%D9%84%D8%B5%D8%AD%D9%81%D9%8A%D9%8A%D9%86-%D8%A7%D9%84%D8%AF%D9%88%D9%84%D9%8A%D9%8A%D9%86-%D9%85%D9%86-%D8%AA%D8%BA%D8%B7%D9%8A%D8%A9-%D8%A7%D9%84%D8%AD%D8%B1%D8%A8-%D8%B9%D9%84-%D8%BA%D8%B2%D8%A9,,Politics
"الائتلافات الأوروبية توقع على وثيقة لمكافحة التضليل وضمان نزاهة الانتخابات المقبلةوقع ممثلو الائتلافات السياسية الرئيسية في الاتحاد الأوروبي، الثلاثاء التاسع من إبريل/نيسان الجاري، على ""مدونة قواعد السلوك"" التي تفيد بعدم نشر معلومات مضللة أو زائفة خلال الانتخابات المُقبلة للبرلمان الأوروبي في يونيو/حزيران.ويلتزم الموقعون بالامتناع عن صنع أو استخدام بيانات مزورة أو ملفقة أو مخادعةإسلام عزيز 10 أبريل 2024",https://misbar.com//editorial/2024/04/10/%D8%A7%D9%84%D8%A7%D8%A6%D8%AA%D9%84%D8%A7%D9%81%D8%A7%D8%AA-%D8%A7%D9%84%D8%A3%D9%88%D8%B1%D9%88%D8%A8%D9%8A%D8%A9-%D8%AA%D9%88%D9%82%D8%B9-%D8%B9%D9%84-%D9%88%D8%AB%D9%8A%D9%82%D8%A9-%D9%84%D9%85%D9%83%D8%A7%D9%81%D8%AD%D8%A9-%D8%A7%D9%84%D8%AA%D8%B6%D9%84%D9%8A%D9%84-%D9%88%D8%B6%D9%85%D8%A7%D9%86-%D9%86%D8%B2%D8%A7%D9%87%D8%A9-%D8%A7%D9%84%D8%A7%D9%86%D8%AA%D8%AE%D8%A7%D8%A8%D8%A7%D8%AA-%D8%A7%D9%84%D9%85%D9%82%D8%A8%D9%84%D8%A9,,Politics
"الائتلافات الأوروبية توقع على وثيقة لمكافحة التضليل وضمان نزاهة الانتخابات المقبلةوقع ممثلو الائتلافات السياسية الرئيسية في الاتحاد الأوروبي، الثلاثاء التاسع من إبريل/نيسان الجاري، على ""مدونة قواعد السلوك"" التي تفيد بعدم نشر معلومات مضللة أو زائفة خلال الانتخابات المُقبلة للبرلمان الأوروبي في يونيو/حزيران.ويلتزم الموقعون بالامتناع عن صنع أو استخدام بيانات مزورة أو ملفقة أو مخادعةإسلام عزيز 10 أبريل 2024",https://misbar.com//editorial/2024/04/10/%D8%A7%D9%84%D8%A7%D8%A6%D8%AA%D9%84%D8%A7%D9%81%D8%A7%D8%AA-%D8%A7%D9%84%D8%A3%D9%88%D8%B1%D9%88%D8%A8%D9%8A%D8%A9-%D8%AA%D9%88%D9%82%D8%B9-%D8%B9%D9%84-%D9%88%D8%AB%D9%8A%D9%82%D8%A9-%D9%84%D9%85%D9%83%D8%A7%D9%81%D8%AD%D8%A9-%D8%A7%D9%84%D8%AA%D8%B6%D9%84%D9%8A%D9%84-%D9%88%D8%B6%D9%85%D8%A7%D9%86-%D9%86%D8%B2%D8%A7%D9%87%D8%A9-%D8%A7%D9%84%D8%A7%D9%86%D8%AA%D8%AE%D8%A7%D8%A8%D8%A7%D8%AA-%D8%A7%D9%84%D9%85%D9%82%D8%A8%D9%84%D8%A9,,Politics
أبرز الادعاءات المضلّلة التي انتشرت بعد اشتباكات جبهة كرش الأخيرة في اليمنشنت جماعة الحوثي فجر يوم الأربعاء 3 إبريل/نيسان الجاري، هجومًا مسلحًا على مواقع تابعة للجيش اليمني، بمنطقة كرش شمالي مدينة لحج، الواقعة جنوبي اليمن. وأسفر الهجوم عن مقتل وإصابة عناصر من الجانبين، بينهم 11 من القوات الجنوبية الموالية لحكومة عدن، بحسب ما نقلته وسائل إعلام يمنية ودولية.وأدانت الحكمحمود سمير حسنين 9 أبريل 2024,https://misbar.com//editorial/2024/04/09/%D8%A3%D8%A8%D8%B1%D8%B2-%D8%A7%D9%84%D8%A7%D8%AF%D8%B9%D8%A7%D8%A1%D8%A7%D8%AA-%D8%A7%D9%84%D9%85%D8%B6%D9%84%D9%84%D8%A9-%D8%A7%D9%84%D8%AA%D9%8A-%D8%A7%D9%86%D8%AA%D8%B4%D8%B1%D8%AA-%D8%A8%D8%B9%D8%AF-%D8%A7%D8%B4%D8%AA%D8%A8%D8%A7%D9%83%D8%A7%D8%AA-%D8%AC%D8%A8%D9%87%D8%A9-%D9%83%D8%B1%D8%B4-%D8%A7%D9%84%D8%A3%D8%AE%D9%8A%D8%B1%D8%A9-%D9%81%D9%8A-%D8%A7%D9%84%D9%8A%D9%85%D9%86,,Religion
أبرز الادعاءات المضلّلة التي انتشرت بعد اشتباكات جبهة كرش الأخيرة في اليمنشنت جماعة الحوثي فجر يوم الأربعاء 3 إبريل/نيسان الجاري، هجومًا مسلحًا على مواقع تابعة للجيش اليمني، بمنطقة كرش شمالي مدينة لحج، الواقعة جنوبي اليمن. وأسفر الهجوم عن مقتل وإصابة عناصر من الجانبين، بينهم 11 من القوات الجنوبية الموالية لحكومة عدن، بحسب ما نقلته وسائل إعلام يمنية ودولية.وأدانت الحكمحمود سمير حسنين 9 أبريل 2024,https://misbar.com//editorial/2024/04/09/%D8%A3%D8%A8%D8%B1%D8%B2-%D8%A7%D9%84%D8%A7%D8%AF%D8%B9%D8%A7%D8%A1%D8%A7%D8%AA-%D8%A7%D9%84%D9%85%D8%B6%D9%84%D9%84%D8%A9-%D8%A7%D9%84%D8%AA%D9%8A-%D8%A7%D9%86%D8%AA%D8%B4%D8%B1%D8%AA-%D8%A8%D8%B9%D8%AF-%D8%A7%D8%B4%D8%AA%D8%A8%D8%A7%D9%83%D8%A7%D8%AA-%D8%AC%D8%A8%D9%87%D8%A9-%D9%83%D8%B1%D8%B4-%D8%A7%D9%84%D8%A3%D8%AE%D9%8A%D8%B1%D8%A9-%D9%81%D9%8A-%D8%A7%D9%84%D9%8A%D9%85%D9%86,,Religion
أبرز الادعاءات التي انتشرت عقب الهجوم الإسرائيلي على قنصلية إيران في دمشقفي الأوّل من إبريل/نيسان الجاري، استهدف قصف مجهول المصدر مبنى قنصليًا مجاورًا لمبنى السفارة الإيرانية في دمشق. وأسفر الهجوم عن مقتل 13 شخصًا، بينهم ضابطين وخمسة مستشارين في الحرس الثوري الإيراني. واتهمت إيران إسرائيل بالوقوف وراء القصف، فيما لم تعلن إسرائيل مسؤوليتها عنه.وفي أعقاب الهجوم المميت، توعفريق تحرير مسبار 7 أبريل 2024,https://misbar.com//editorial/2024/04/07/%D8%A3%D8%A8%D8%B1%D8%B2-%D8%A7%D9%84%D8%A7%D8%AF%D8%B9%D8%A7%D8%A1%D8%A7%D8%AA-%D8%A7%D9%84%D8%AA%D9%8A-%D8%A7%D9%86%D8%AA%D8%B4%D8%B1%D8%AA-%D8%B9%D9%82%D8%A8-%D8%A7%D9%84%D9%87%D8%AC%D9%88%D9%85-%D8%A7%D9%84%D8%A5%D8%B3%D8%B1%D8%A7%D8%A6%D9%8A%D9%84%D9%8A-%D8%B9%D9%84-%D9%82%D9%86%D8%B5%D9%84%D9%8A%D8%A9-%D8%A5%D9%8A%D8%B1%D8%A7%D9%86-%D9%81%D9%8A-%D8%AF%D9%85%D8%B4%D9%82,,Sports
أبرز الادعاءات التي انتشرت عقب الهجوم الإسرائيلي على قنصلية إيران في دمشقفي الأوّل من إبريل/نيسان الجاري، استهدف قصف مجهول المصدر مبنى قنصليًا مجاورًا لمبنى السفارة الإيرانية في دمشق. وأسفر الهجوم عن مقتل 13 شخصًا، بينهم ضابطين وخمسة مستشارين في الحرس الثوري الإيراني. واتهمت إيران إسرائيل بالوقوف وراء القصف، فيما لم تعلن إسرائيل مسؤوليتها عنه.وفي أعقاب الهجوم المميت، توعفريق تحرير مسبار 7 أبريل 2024,https://misbar.com//editorial/2024/04/07/%D8%A3%D8%A8%D8%B1%D8%B2-%D8%A7%D9%84%D8%A7%D8%AF%D8%B9%D8%A7%D8%A1%D8%A7%D8%AA-%D8%A7%D9%84%D8%AA%D9%8A-%D8%A7%D9%86%D8%AA%D8%B4%D8%B1%D8%AA-%D8%B9%D9%82%D8%A8-%D8%A7%D9%84%D9%87%D8%AC%D9%88%D9%85-%D8%A7%D9%84%D8%A5%D8%B3%D8%B1%D8%A7%D8%A6%D9%8A%D9%84%D9%8A-%D8%B9%D9%84-%D9%82%D9%86%D8%B5%D9%84%D9%8A%D8%A9-%D8%A5%D9%8A%D8%B1%D8%A7%D9%86-%D9%81%D9%8A-%D8%AF%D9%85%D8%B4%D9%82,,Sports
الاحتلال استهدف النازحين والطواقم الطبية في مجمع الشفاء خلافًا للمزاعم الإسرائيليةانسحب جيش الاحتلال الإسرئيلي فجر يوم الاثنين الأول من إبريل/نيسان الجاري، من داخل مجمع الشفاء الطبي ومحيطه، بعد حصار واقتحام لمدة أسبوعين، أسفر عن وقوع مئات الضحايا والإصابات، إلى جانب اعتقال المئات من النازحين والكوادر الطبية، في حين عُثر على جثامين الضحايا ملقاة على الأرض في المجمع ومحيطأحمد كحلاني 4 أبريل 2024,https://misbar.com//editorial/2024/04/03/%D8%A7%D9%84%D8%A7%D8%AD%D8%AA%D9%84%D8%A7%D9%84-%D8%A7%D8%B3%D8%AA%D9%87%D8%AF%D9%81-%D8%A7%D9%84%D9%86%D8%A7%D8%B2%D8%AD%D9%8A%D9%86-%D9%88%D8%A7%D9%84%D8%B7%D9%88%D8%A7%D9%82%D9%85-%D8%A7%D9%84%D8%B7%D8%A8%D9%8A%D8%A9-%D9%81%D9%8A-%D9%85%D8%AC%D9%85%D8%B9-%D8%A7%D9%84%D8%B4%D9%81%D8%A7%D8%A1-%D8%AE%D9%84%D8%A7%D9%81%D8%A7-%D9%84%D9%84%D9%85%D8%B2%D8%A7%D8%B9%D9%85-%D8%A7%D9%84%D8%A5%D8%B3%D8%B1%D8%A7%D8%A6%D9%8A%D9%84%D9%8A%D8%A9,,Health
الاحتلال استهدف النازحين والطواقم الطبية في مجمع الشفاء خلافًا للمزاعم الإسرائيليةانسحب جيش الاحتلال الإسرئيلي فجر يوم الاثنين الأول من إبريل/نيسان الجاري، من داخل مجمع الشفاء الطبي ومحيطه، بعد حصار واقتحام لمدة أسبوعين، أسفر عن وقوع مئات الضحايا والإصابات، إلى جانب اعتقال المئات من النازحين والكوادر الطبية، في حين عُثر على جثامين الضحايا ملقاة على الأرض في المجمع ومحيطأحمد كحلاني 4 أبريل 2024,https://misbar.com//editorial/2024/04/03/%D8%A7%D9%84%D8%A7%D8%AD%D8%AA%D9%84%D8%A7%D9%84-%D8%A7%D8%B3%D8%AA%D9%87%D8%AF%D9%81-%D8%A7%D9%84%D9%86%D8%A7%D8%B2%D8%AD%D9%8A%D9%86-%D9%88%D8%A7%D9%84%D8%B7%D9%88%D8%A7%D9%82%D9%85-%D8%A7%D9%84%D8%B7%D8%A8%D9%8A%D8%A9-%D9%81%D9%8A-%D9%85%D8%AC%D9%85%D8%B9-%D8%A7%D9%84%D8%B4%D9%81%D8%A7%D8%A1-%D8%AE%D9%84%D8%A7%D9%81%D8%A7-%D9%84%D9%84%D9%85%D8%B2%D8%A7%D8%B9%D9%85-%D8%A7%D9%84%D8%A5%D8%B3%D8%B1%D8%A7%D8%A6%D9%8A%D9%84%D9%8A%D8%A9,,Health
12 أبريل 2024 الفيديو ليس لدوي إطلاق نار في دمشق ولا أنباء عن استهداف بشار الأسد,https://misbar.com//factcheck/2024/04/12/%D8%A7%D9%84%D9%81%D9%8A%D8%AF%D9%8A%D9%88-%D9%84%D9%8A%D8%B3-%D9%84%D8%AF%D9%88%D9%8A-%D8%A5%D8%B7%D9%84%D8%A7%D9%82-%D9%86%D8%A7%D8%B1-%D9%81%D9%8A-%D8%AF%D9%85%D8%B4%D9%82-%D9%88%D9%84%D8%A7-%D8%A3%D9%86%D8%A8%D8%A7%D8%A1-%D8%B9%D9%86-%D8%A7%D8%B3%D8%AA%D9%87%D8%AF%D8%A7%D9%81-%D8%A8%D8%B4%D8%A7%D8%B1-%D8%A7%D9%84%D8%A3%D8%B3%D8%AF,,Other
12 أبريل 2024 الفيديو ليس لدوي إطلاق نار في دمشق ولا أنباء عن استهداف بشار الأسد,https://misbar.com//factcheck/2024/04/12/%D8%A7%D9%84%D9%81%D9%8A%D8%AF%D9%8A%D9%88-%D9%84%D9%8A%D8%B3-%D9%84%D8%AF%D9%88%D9%8A-%D8%A5%D8%B7%D9%84%D8%A7%D9%82-%D9%86%D8%A7%D8%B1-%D9%81%D9%8A-%D8%AF%D9%85%D8%B4%D9%82-%D9%88%D9%84%D8%A7-%D8%A3%D9%86%D8%A8%D8%A7%D8%A1-%D8%B9%D9%86-%D8%A7%D8%B3%D8%AA%D9%87%D8%AF%D8%A7%D9%81-%D8%A8%D8%B4%D8%A7%D8%B1-%D8%A7%D9%84%D8%A3%D8%B3%D8%AF,,Other
11 أبريل 2024 المنشور ليس من حساب رسمي للرئيس الإيراني يتوعد فيه باستهداف إسرائيل,https://misbar.com//factcheck/2024/04/11/%D8%A7%D9%84%D9%85%D9%86%D8%B4%D9%88%D8%B1-%D9%84%D9%8A%D8%B3-%D9%85%D9%86-%D8%AD%D8%B3%D8%A7%D8%A8-%D8%B1%D8%B3%D9%85%D9%8A-%D9%84%D9%84%D8%B1%D8%A6%D9%8A%D8%B3-%D8%A7%D9%84%D8%A5%D9%8A%D8%B1%D8%A7%D9%86%D9%8A-%D9%8A%D8%AA%D9%88%D8%B9%D8%AF-%D9%81%D9%8A%D9%87-%D8%A8%D8%A7%D8%B3%D8%AA%D9%87%D8%AF%D8%A7%D9%81-%D8%A5%D8%B3%D8%B1%D8%A7%D8%A6%D9%8A%D9%84,,Other
11 أبريل 2024 المنشور ليس من حساب رسمي للرئيس الإيراني يتوعد فيه باستهداف إسرائيل,https://misbar.com//factcheck/2024/04/11/%D8%A7%D9%84%D9%85%D9%86%D8%B4%D9%88%D8%B1-%D9%84%D9%8A%D8%B3-%D9%85%D9%86-%D8%AD%D8%B3%D8%A7%D8%A8-%D8%B1%D8%B3%D9%85%D9%8A-%D9%84%D9%84%D8%B1%D8%A6%D9%8A%D8%B3-%D8%A7%D9%84%D8%A5%D9%8A%D8%B1%D8%A7%D9%86%D9%8A-%D9%8A%D8%AA%D9%88%D8%B9%D8%AF-%D9%81%D9%8A%D9%87-%D8%A8%D8%A7%D8%B3%D8%AA%D9%87%D8%AF%D8%A7%D9%81-%D8%A5%D8%B3%D8%B1%D8%A7%D8%A6%D9%8A%D9%84,,Other
11 أبريل 2024 فيديو قديم لعبد السلام هنية وليس لشقيقه حازم الذي قُتل مع أخوين آخرين له في القصف الإسرائيلي,https://misbar.com//factcheck/2024/04/11/%D8%A7%D9%84%D9%81%D9%8A%D8%AF%D9%8A%D9%88-%D9%84%D8%B9%D8%A8%D8%AF-%D8%A7%D9%84%D8%B3%D9%84%D8%A7%D9%85-%D9%87%D9%86%D9%8A%D8%A9-%D9%88%D9%84%D9%8A%D8%B3-%D9%84%D8%B4%D9%82%D9%8A%D9%82%D9%87-%D8%AD%D8%A7%D8%B2%D9%85-%D8%A7%D9%84%D8%B0%D9%8A-%D9%82%D8%AA%D9%84-%D9%85%D8%B9-%D8%A3%D8%AE%D9%88%D9%8A%D9%86-%D8%A2%D8%AE%D8%B1%D9%8A%D9%86-%D9%84%D9%87-%D9%81%D9%8A-%D8%A7%D9%84%D9%82%D8%B5%D9%81-%D8%A7%D9%84%D8%A5%D8%B3%D8%B1%D8%A7%D8%A6%D9%8A%D9%84%D9%8A,,Other
11 أبريل 2024 فيديو قديم لعبد السلام هنية وليس لشقيقه حازم الذي قُتل مع أخوين آخرين له في القصف الإسرائيلي,https://misbar.com//factcheck/2024/04/11/%D8%A7%D9%84%D9%81%D9%8A%D8%AF%D9%8A%D9%88-%D9%84%D8%B9%D8%A8%D8%AF-%D8%A7%D9%84%D8%B3%D9%84%D8%A7%D9%85-%D9%87%D9%86%D9%8A%D8%A9-%D9%88%D9%84%D9%8A%D8%B3-%D9%84%D8%B4%D9%82%D9%8A%D9%82%D9%87-%D8%AD%D8%A7%D8%B2%D9%85-%D8%A7%D9%84%D8%B0%D9%8A-%D9%82%D8%AA%D9%84-%D9%85%D8%B9-%D8%A3%D8%AE%D9%88%D9%8A%D9%86-%D8%A2%D8%AE%D8%B1%D9%8A%D9%86-%D9%84%D9%87-%D9%81%D9%8A-%D8%A7%D9%84%D9%82%D8%B5%D9%81-%D8%A7%D9%84%D8%A5%D8%B3%D8%B1%D8%A7%D8%A6%D9%8A%D9%84%D9%8A,,Other
11 أبريل 2024 فيديو إعلان تحرير الشام استهداف موكب بشار الأسد أثناء توجهه لصلاة العيد يعود لعام 2013,https://misbar.com//factcheck/2024/04/11/%D9%81%D9%8A%D8%AF%D9%8A%D9%88-%D8%A5%D8%B9%D9%84%D8%A7%D9%86-%D8%AA%D8%AD%D8%B1%D9%8A%D8%B1-%D8%A7%D9%84%D8%B4%D8%A7%D9%85-%D8%A7%D8%B3%D8%AA%D9%87%D8%AF%D8%A7%D9%81-%D9%85%D9%88%D9%83%D8%A8-%D8%A8%D8%B4%D8%A7%D8%B1-%D8%A7%D9%84%D8%A3%D8%B3%D8%AF-%D8%A3%D8%AB%D9%86%D8%A7%D8%A1-%D8%AA%D9%88%D8%AC%D9%87%D9%87-%D9%84%D8%B5%D9%84%D8%A7%D8%A9-%D8%A7%D9%84%D8%B9%D9%8A%D8%AF-%D9%8A%D8%B9%D9%88%D8%AF-%D9%84%D8%B9%D8%A7%D9%85-2013,,Religion
11 أبريل 2024 فيديو إعلان تحرير الشام استهداف موكب بشار الأسد أثناء توجهه لصلاة العيد يعود لعام 2013,https://misbar.com//factcheck/2024/04/11/%D9%81%D9%8A%D8%AF%D9%8A%D9%88-%D8%A5%D8%B9%D9%84%D8%A7%D9%86-%D8%AA%D8%AD%D8%B1%D9%8A%D8%B1-%D8%A7%D9%84%D8%B4%D8%A7%D9%85-%D8%A7%D8%B3%D8%AA%D9%87%D8%AF%D8%A7%D9%81-%D9%85%D9%88%D9%83%D8%A8-%D8%A8%D8%B4%D8%A7%D8%B1-%D8%A7%D9%84%D8%A3%D8%B3%D8%AF-%D8%A3%D8%AB%D9%86%D8%A7%D8%A1-%D8%AA%D9%88%D8%AC%D9%87%D9%87-%D9%84%D8%B5%D9%84%D8%A7%D8%A9-%D8%A7%D9%84%D8%B9%D9%8A%D8%AF-%D9%8A%D8%B9%D9%88%D8%AF-%D9%84%D8%B9%D8%A7%D9%85-2013,,Religion
10 أبريل 2024 صحفيون استقصائيون وليس هاكر عربي من كشف هوية قائد الوحدة 8200 الاستخباراتية الإسرائيلية,https://misbar.com//factcheck/2024/04/10/%D8%B5%D8%AD%D9%81%D9%8A%D9%88%D9%86-%D8%A7%D8%B3%D8%AA%D9%82%D8%B5%D8%A7%D8%A6%D9%8A%D9%88%D9%86-%D9%88%D9%84%D9%8A%D8%B3-%D9%87%D8%A7%D9%83%D8%B1-%D8%B9%D8%B1%D8%A8%D9%8A-%D9%85%D9%86-%D9%83%D8%B4%D9%81-%D9%87%D9%88%D9%8A%D8%A9-%D9%82%D8%A7%D8%A6%D8%AF-%D8%A7%D9%84%D9%88%D8%AD%D8%AF%D8%A9-8200-%D8%A7%D9%84%D8%A7%D8%B3%D8%AA%D8%AE%D8%A8%D8%A7%D8%B1%D8%A7%D8%AA%D9%8A%D8%A9-%D8%A7%D9%84%D8%A5%D8%B3%D8%B1%D8%A7%D8%A6%D9%8A%D9%84%D9%8A%D8%A9,,Other
10 أبريل 2024 صحفيون استقصائيون وليس هاكر عربي من كشف هوية قائد الوحدة 8200 الاستخباراتية الإسرائيلية,https://misbar.com//factcheck/2024/04/10/%D8%B5%D8%AD%D9%81%D9%8A%D9%88%D9%86-%D8%A7%D8%B3%D8%AA%D9%82%D8%B5%D8%A7%D8%A6%D9%8A%D9%88%D9%86-%D9%88%D9%84%D9%8A%D8%B3-%D9%87%D8%A7%D9%83%D8%B1-%D8%B9%D8%B1%D8%A8%D9%8A-%D9%85%D9%86-%D9%83%D8%B4%D9%81-%D9%87%D9%88%D9%8A%D8%A9-%D9%82%D8%A7%D8%A6%D8%AF-%D8%A7%D9%84%D9%88%D8%AD%D8%AF%D8%A9-8200-%D8%A7%D9%84%D8%A7%D8%B3%D8%AA%D8%AE%D8%A8%D8%A7%D8%B1%D8%A7%D8%AA%D9%8A%D8%A9-%D8%A7%D9%84%D8%A5%D8%B3%D8%B1%D8%A7%D8%A6%D9%8A%D9%84%D9%8A%D8%A9,,Other
10 أبريل 2024 الفيديو قديم وليس لإعلان هيئة كبار العلماء السعودية عن جواز دفع زكاة الفطر نقدًا,https://misbar.com//factcheck/2024/04/10/%D8%A7%D9%84%D9%81%D9%8A%D8%AF%D9%8A%D9%88-%D9%82%D8%AF%D9%8A%D9%85-%D9%88%D9%84%D9%8A%D8%B3-%D9%84%D8%A5%D8%B9%D9%84%D8%A7%D9%86-%D9%87%D9%8A%D8%A6%D8%A9-%D9%83%D8%A8%D8%A7%D8%B1-%D8%A7%D9%84%D8%B9%D9%84%D9%85%D8%A7%D8%A1-%D8%A7%D9%84%D8%B3%D8%B9%D9%88%D8%AF%D9%8A%D8%A9-%D8%B9%D9%86-%D8%AC%D9%88%D8%A7%D8%B2-%D8%AF%D9%81%D8%B9-%D8%B2%D9%83%D8%A7%D8%A9-%D8%A7%D9%84%D9%81%D8%B7%D8%B1-%D9%86%D9%82%D8%AF%D8%A7,,Other
10 أبريل 2024 الفيديو قديم وليس لإعلان هيئة كبار العلماء السعودية عن جواز دفع زكاة الفطر نقدًا,https://misbar.com//factcheck/2024/04/10/%D8%A7%D9%84%D9%81%D9%8A%D8%AF%D9%8A%D9%88-%D9%82%D8%AF%D9%8A%D9%85-%D9%88%D9%84%D9%8A%D8%B3-%D9%84%D8%A5%D8%B9%D9%84%D8%A7%D9%86-%D9%87%D9%8A%D8%A6%D8%A9-%D9%83%D8%A8%D8%A7%D8%B1-%D8%A7%D9%84%D8%B9%D9%84%D9%85%D8%A7%D8%A1-%D8%A7%D9%84%D8%B3%D8%B9%D9%88%D8%AF%D9%8A%D8%A9-%D8%B9%D9%86-%D8%AC%D9%88%D8%A7%D8%B2-%D8%AF%D9%81%D8%B9-%D8%B2%D9%83%D8%A7%D8%A9-%D8%A7%D9%84%D9%81%D8%B7%D8%B1-%D9%86%D9%82%D8%AF%D8%A7,,Other
حقيقة الصورة المنسوبة لمكة المكرمة عام 1860م. ...,http://norumors.net/?rumors=788890,,Other
حقيقة الصورة المنسوبة لمكة المكرمة عام 1860م. ...,http://norumors.net/?rumors=788890,,Other
حقيقة الخبر المتداول عن تغيير الأذان في الشارقة بأمر من حاكم الشارقة ...,http://norumors.net/?rumors=788998,,Other
حقيقة الخبر المتداول عن تغيير الأذان في الشارقة بأمر من حاكم الشارقة ...,http://norumors.net/?rumors=788998,,Other
حقيقة الفيديو المتداول عبر جماعة الحوثي بعنوان «شاب سعودي يرش الكعبة بالخمر ...,http://norumors.net/?rumors=002188,,Other
حقيقة الفيديو المتداول عبر جماعة الحوثي بعنوان «شاب سعودي يرش الكعبة بالخمر ...,http://norumors.net/?rumors=002188,,Other
حقيقة ما يتداول عن وفيات وإصابات بسبب تدافع في المسجد النبوي ...,http://norumors.net/?rumors=7878,,Other
حقيقة ما يتداول عن وفيات وإصابات بسبب تدافع في المسجد النبوي ...,http://norumors.net/?rumors=7878,,Other
حقيقة القصة المتداولة عن عامل نظافة ثري يمتلك عدة فنادق ويعمل بالمسجد الحرا ...,http://norumors.net/?rumors=67880,,Other
حقيقة القصة المتداولة عن عامل نظافة ثري يمتلك عدة فنادق ويعمل بالمسجد الحرا ...,http://norumors.net/?rumors=67880,,Other
حقيقة “إحتراق صالة قمار وبيع الخمور بالسعودية” ...,http://norumors.net/?rumors=43657,,Other
حقيقة “إحتراق صالة قمار وبيع الخمور بالسعودية” ...,http://norumors.net/?rumors=43657,,Other
حقيقة الرسالة المتداولة عن تهريب شاحنات محملة بشمام قامت إسرائيل بحقنها بفي ...,http://norumors.net/?rumors=87988,,Other
حقيقة الرسالة المتداولة عن تهريب شاحنات محملة بشمام قامت إسرائيل بحقنها بفي ...,http://norumors.net/?rumors=87988,,Other
حقيقة منع رفع علم فلسطين بالحرم بالمكي,http://norumors.net/?rumors=89389,,Other
حقيقة منع رفع علم فلسطين بالحرم بالمكي,http://norumors.net/?rumors=89389,,Other
حقيقة الخطاب المتداول مجدداً بعنوان “عدم المساس بأي شخص مفطر في شهر رمضان” ...,http://norumors.net/?rumors=966590,,Religion
حقيقة الخطاب المتداول مجدداً بعنوان “عدم المساس بأي شخص مفطر في شهر رمضان” ...,http://norumors.net/?rumors=966590,,Religion
حقيقة المقطع المتداول عبر الواتساب عن غرق سفينة بعد استهدافها من قبل الحوثي ...,http://norumors.net/?rumors=67980,,Other
حقيقة المقطع المتداول عبر الواتساب عن غرق سفينة بعد استهدافها من قبل الحوثي ...,http://norumors.net/?rumors=67980,,Other
حقيقة الفيديو المتداول عن شاب يعتدي بالضرب على وزيرة أميركية بسبب الحرب في ...,http://norumors.net/?rumors=867887,,Politics
حقيقة الفيديو المتداول عن شاب يعتدي بالضرب على وزيرة أميركية بسبب الحرب في ...,http://norumors.net/?rumors=867887,,Politics
حقيقة الفيديو المتداول بعنوان “شيخ سعودي كان يدعو لفلسطين وفي نصف الم ...,http://norumors.net/?rumors=789809,,Other
حقيقة الفيديو المتداول بعنوان “شيخ سعودي كان يدعو لفلسطين وفي نصف الم ...,http://norumors.net/?rumors=789809,,Other
قد تبدو بياناتك غير مهمة لكنها كنز ثمين وثروة للمجرمين، فاحذر!,http://norumors.net/?articles=%d9%82%d8%af-%d8%aa%d8%a8%d8%af%d9%88-%d8%a8%d9%8a%d8%a7%d9%86%d8%a7%d8%aa%d9%83-%d8%ba%d9%8a%d8%b1-%d9%85%d9%87%d9%85%d8%a9-%d9%84%d9%83%d9%86%d9%87%d8%a7-%d9%83%d9%86%d8%b2-%d8%ab%d9%85%d9%8a%d9%86,,Other
قد تبدو بياناتك غير مهمة لكنها كنز ثمين وثروة للمجرمين، فاحذر!,http://norumors.net/?articles=%d9%82%d8%af-%d8%aa%d8%a8%d8%af%d9%88-%d8%a8%d9%8a%d8%a7%d9%86%d8%a7%d8%aa%d9%83-%d8%ba%d9%8a%d8%b1-%d9%85%d9%87%d9%85%d8%a9-%d9%84%d9%83%d9%86%d9%87%d8%a7-%d9%83%d9%86%d8%b2-%d8%ab%d9%85%d9%8a%d9%86,,Other
البعض يرى أن التطور التقني والعمراني يؤثر سلبًا على الثقافة ويهمش دورها، فما هو دور وزارة الثقافة في هذا الخصوص؟ ...,http://norumors.net/?articles=%d8%a7%d9%84%d8%a8%d8%b9%d8%b6-%d9%8a%d8%b1%d9%89-%d8%a3%d9%86-%d8%a7%d9%84%d8%aa%d8%b7%d9%88%d8%b1-%d8%a7%d9%84%d8%aa%d9%82%d9%86%d9%8a-%d9%88%d8%a7%d9%84%d8%b9%d9%85%d8%b1%d8%a7%d9%86%d9%8a-%d9%8a,,Politics
البعض يرى أن التطور التقني والعمراني يؤثر سلبًا على الثقافة ويهمش دورها، فما هو دور وزارة الثقافة في هذا الخصوص؟ ...,http://norumors.net/?articles=%d8%a7%d9%84%d8%a8%d8%b9%d8%b6-%d9%8a%d8%b1%d9%89-%d8%a3%d9%86-%d8%a7%d9%84%d8%aa%d8%b7%d9%88%d8%b1-%d8%a7%d9%84%d8%aa%d9%82%d9%86%d9%8a-%d9%88%d8%a7%d9%84%d8%b9%d9%85%d8%b1%d8%a7%d9%86%d9%8a-%d9%8a,,Politics
نظرة تحليلية لهيئة مكافحة الإشاعات لألف إشاعة,http://norumors.net/?articles=1000rumors,,Other
نظرة تحليلية لهيئة مكافحة الإشاعات لألف إشاعة,http://norumors.net/?articles=1000rumors,,Other
خسارة مليار دولار بسبب إشاعة,http://norumors.net/?articles=%d8%ae%d8%b3%d8%a7%d8%b1%d8%a9-%d9%85%d9%84%d9%8a%d8%a7%d8%b1-%d8%af%d9%88%d9%84%d8%a7%d8%b1-%d8%a8%d8%b3%d8%a8%d8%a8-%d8%a5%d8%b4%d8%a7%d8%b9%d8%a9,,Other
خسارة مليار دولار بسبب إشاعة,http://norumors.net/?articles=%d8%ae%d8%b3%d8%a7%d8%b1%d8%a9-%d9%85%d9%84%d9%8a%d8%a7%d8%b1-%d8%af%d9%88%d9%84%d8%a7%d8%b1-%d8%a8%d8%b3%d8%a8%d8%a8-%d8%a5%d8%b4%d8%a7%d8%b9%d8%a9,,Other
حرب دامية لثلاثة سنوات بسبب إشاعة ⁩!.,http://norumors.net/?articles=%e2%80%8f%d8%ad%d8%b1%d8%a8-%d8%af%d8%a7%d9%85%d9%8a%d8%a9-%d9%84%d8%ab%d9%84%d8%a7%d8%ab%d8%a9-%d8%b3%d9%86%d9%88%d8%a7%d8%aa-%d8%a8%d8%b3%d8%a8%d8%a8-%d8%a5%d8%b4%d8%a7%d8%b9%d8%a9-%e2%81%a9,,Politics
حرب دامية لثلاثة سنوات بسبب إشاعة ⁩!.,http://norumors.net/?articles=%e2%80%8f%d8%ad%d8%b1%d8%a8-%d8%af%d8%a7%d9%85%d9%8a%d8%a9-%d9%84%d8%ab%d9%84%d8%a7%d8%ab%d8%a9-%d8%b3%d9%86%d9%88%d8%a7%d8%aa-%d8%a8%d8%b3%d8%a8%d8%a8-%d8%a5%d8%b4%d8%a7%d8%b9%d8%a9-%e2%81%a9,,Politics
فكن حذر ًا وتثبت ..!,http://norumors.net/?articles=%d9%81%d9%83%d9%86-%d8%ad%d8%b0%d8%b1-%d9%8b%d8%a7-%d9%88%d8%aa%d8%ab%d8%a8%d8%aa,,Other
فكن حذر ًا وتثبت ..!,http://norumors.net/?articles=%d9%81%d9%83%d9%86-%d8%ad%d8%b0%d8%b1-%d9%8b%d8%a7-%d9%88%d8%aa%d8%ab%d8%a8%d8%aa,,Other
"تغريدة كاذبة!,, حروب كراهية",http://norumors.net/?articles=%d8%aa%d8%ba%d8%b1%d9%8a%d8%af%d8%a9-%d9%83%d8%a7%d8%b0%d8%a8%d8%a9-%d8%ad%d8%b1%d9%88%d8%a8-%d9%83%d8%b1%d8%a7%d9%87%d9%8a%d8%a9,,Politics
"تغريدة كاذبة!,, حروب كراهية",http://norumors.net/?articles=%d8%aa%d8%ba%d8%b1%d9%8a%d8%af%d8%a9-%d9%83%d8%a7%d8%b0%d8%a8%d8%a9-%d8%ad%d8%b1%d9%88%d8%a8-%d9%83%d8%b1%d8%a7%d9%87%d9%8a%d8%a9,,Politics
عشرة خطوات لكيفية التعامل مع الإشاعات,http://norumors.net/?articles=%d8%b9%d8%b4%d8%b1%d8%a9-%d8%ae%d8%b7%d9%88%d8%a7%d8%aa-%d9%84%d9%83%d9%8a%d9%81%d9%8a%d8%a9-%d8%a7%d9%84%d8%aa%d8%b9%d8%a7%d9%85%d9%84-%d9%85%d8%b9-%d8%a7%d9%84%d8%a5%d8%b4%d8%a7%d8%b9%d8%a7%d8%aa,,Other
عشرة خطوات لكيفية التعامل مع الإشاعات,http://norumors.net/?articles=%d8%b9%d8%b4%d8%b1%d8%a9-%d8%ae%d8%b7%d9%88%d8%a7%d8%aa-%d9%84%d9%83%d9%8a%d9%81%d9%8a%d8%a9-%d8%a7%d9%84%d8%aa%d8%b9%d8%a7%d9%85%d9%84-%d9%85%d8%b9-%d8%a7%d9%84%d8%a5%d8%b4%d8%a7%d8%b9%d8%a7%d8%aa,,Other
الإشاعات تخلق بقصد وبغير قصد، كن حذراً,http://norumors.net/?articles=09,,Other
الإشاعات تخلق بقصد وبغير قصد، كن حذراً,http://norumors.net/?articles=09,,Other
#2020_بدون_اشاعات,http://norumors.net/?articles=2020,,Other
#2020_بدون_اشاعات,http://norumors.net/?articles=2020,,Other
من نحن,http://norumors.net/?articles=2020,,Other
من نحن,http://norumors.net/?articles=2020,,Other
,http://norumors.net/?page_id=7,,Other
,http://norumors.net/?page_id=7,,Other
لا، لم تحظر اليابان لقاحات كوفيد 19، ولا صحة لهذه الادعاءات المتداولة حول زيادة معدل الوفيات بسبب اللقاح,#,,Health
لا، لم تحظر اليابان لقاحات كوفيد 19، ولا صحة لهذه الادعاءات المتداولة حول زيادة معدل الوفيات بسبب اللقاح,#,,Health
لا، لم تحظر اليابان لقاحات كوفيد 19، ولا صحة لهذه الادعاءات المتداولة حول زيادة معدل الوفيات بسبب اللقاح,https://fatabyyano.net/371617829383-2/,,Health
لا، لم تحظر اليابان لقاحات كوفيد 19، ولا صحة لهذه الادعاءات المتداولة حول زيادة معدل الوفيات بسبب اللقاح,https://fatabyyano.net/371617829383-2/,,Health
هذه الصورة تعود لاستعراض عسكري في كوريا الشمالية عام 2017 وليست للقوات المسلحة الإيرانية,https://fatabyyano.net/هذه-الصورة-تعود-لاستعراض-عسكري-في-كوري/,,Other
هذه الصورة تعود لاستعراض عسكري في كوريا الشمالية عام 2017 وليست للقوات المسلحة الإيرانية,https://fatabyyano.net/هذه-الصورة-تعود-لاستعراض-عسكري-في-كوري/,,Other
هذه الصورة لا تظهر تنبؤ مسلسل سيمبسون بحادثة انهيار جسر بالتيمور ولم تعرض في أي من حلقات المسلسل,https://fatabyyano.net/هذه-الصورة-لا-تظهر-تنبؤ-مسلسل-سيمبسون-2/,,Other
هذه الصورة لا تظهر تنبؤ مسلسل سيمبسون بحادثة انهيار جسر بالتيمور ولم تعرض في أي من حلقات المسلسل,https://fatabyyano.net/هذه-الصورة-لا-تظهر-تنبؤ-مسلسل-سيمبسون-2/,,Other
قبطان السفينة التي تسببت بانهيار جسر “فرانسيس سكوت كي” في بالتيمور كان هنديًّا وليس أوكرانيًّا,https://fatabyyano.net/ربان-السفينة-دالي-التي-اصطدمت-بجسر-فر/,,Other
قبطان السفينة التي تسببت بانهيار جسر “فرانسيس سكوت كي” في بالتيمور كان هنديًّا وليس أوكرانيًّا,https://fatabyyano.net/ربان-السفينة-دالي-التي-اصطدمت-بجسر-فر/,,Other
هذا المقطع متداول منذ عام 2014 على الأقل، ولا يظهر منصات صواريخ نصبها الجيش السوداني قرب ولاية الجزيرة مؤخرًا,https://fatabyyano.net/هذا-المقطع-متداول-منذ-عام-2014-على-الأقل،-و/,,Politics
هذا المقطع متداول منذ عام 2014 على الأقل، ولا يظهر منصات صواريخ نصبها الجيش السوداني قرب ولاية الجزيرة مؤخرًا,https://fatabyyano.net/هذا-المقطع-متداول-منذ-عام-2014-على-الأقل،-و/,,Politics
هذه الصورة لا تبين توجه شاحنات عسكرية إيرانية نحو سوريا، بل تعود لاحتفالات يوم الجيش في إيران عام 2019,https://fatabyyano.net/هذه-الصورة-لا-تبين-توجه-شاحنات-عسكرية-إ/,,Politics
هذه الصورة لا تبين توجه شاحنات عسكرية إيرانية نحو سوريا، بل تعود لاحتفالات يوم الجيش في إيران عام 2019,https://fatabyyano.net/هذه-الصورة-لا-تبين-توجه-شاحنات-عسكرية-إ/,,Politics
هذه الصورة مفبركة وليست لطائرة بدون طيار مغربية الصنع، بل لطائرات تحمل علم سويسرا,https://fatabyyano.net/هذه-الصورة-مفبركة-وليست-لطائرة-بدون-طي/,,Other
هذه الصورة مفبركة وليست لطائرة بدون طيار مغربية الصنع، بل لطائرات تحمل علم سويسرا,https://fatabyyano.net/هذه-الصورة-مفبركة-وليست-لطائرة-بدون-طي/,,Other
هذه الصورة من مناورات البحرية الروسية في بحر البلطيق عام 2018، وليست لأسطول روسي عبر مضيق باب المندب مؤخرًا,https://fatabyyano.net/هذه-الصورة-من-مناورات-البحرية-الروسية/,,Other
هذه الصورة من مناورات البحرية الروسية في بحر البلطيق عام 2018، وليست لأسطول روسي عبر مضيق باب المندب مؤخرًا,https://fatabyyano.net/هذه-الصورة-من-مناورات-البحرية-الروسية/,,Other
هذا الادعاء زائف ولا يمكن القضاء على السرطان بمشروب بيكربونات الصوديوم والسكر,https://fatabyyano.net/لا-يمكن-القضاء-على-السرطان/,,Health
هذا الادعاء زائف ولا يمكن القضاء على السرطان بمشروب بيكربونات الصوديوم والسكر,https://fatabyyano.net/لا-يمكن-القضاء-على-السرطان/,,Health
ادعاءات زائفة وخرافات متداولة عن الأدرينوكروم بأنه يستخرج من دماء الأطفال وأنه يحافظ على شباب الإنسان,https://fatabyyano.net/ادعاءات-زائفة-وخرافات-متداولة-عن-الأد/,,Health
ادعاءات زائفة وخرافات متداولة عن الأدرينوكروم بأنه يستخرج من دماء الأطفال وأنه يحافظ على شباب الإنسان,https://fatabyyano.net/ادعاءات-زائفة-وخرافات-متداولة-عن-الأد/,,Health
هذا المقطع متداول منذ عام 2017، ولا يصور تدمير القوات المصرية آليات عسكرية تابعة لقوات الدعم السريع مؤخرًا,https://fatabyyano.net/هذا-المقطع-متداول-منذ-عام-2017،-ولا-يصور-تد/,,Other
هذا المقطع متداول منذ عام 2017، ولا يصور تدمير القوات المصرية آليات عسكرية تابعة لقوات الدعم السريع مؤخرًا,https://fatabyyano.net/هذا-المقطع-متداول-منذ-عام-2017،-ولا-يصور-تد/,,Other
لا صحة لهذا الخبر المتداول حول انقطاع الانترنت في العراق وباقي الدول بسبب عاصفة مغناطيسية,https://fatabyyano.net/إدعاءات-زائفة-حول-خبر-انقطاع-الانترنت/,,Health
لا صحة لهذا الخبر المتداول حول انقطاع الانترنت في العراق وباقي الدول بسبب عاصفة مغناطيسية,https://fatabyyano.net/إدعاءات-زائفة-حول-خبر-انقطاع-الانترنت/,,Health
هذا المقطع يظهر عملاً فنياً وليس كتابًا باسم “Morisa” غلافه مصنوع من جلد إنسان,https://fatabyyano.net/هذا-المقطع-يظهر-عملاً-فنياً-وليس-كتابً/,,Other
هذا المقطع يظهر عملاً فنياً وليس كتابًا باسم “Morisa” غلافه مصنوع من جلد إنسان,https://fatabyyano.net/هذا-المقطع-يظهر-عملاً-فنياً-وليس-كتابً/,,Other
هل تريد المساعدة في مكافحة التضليل؟ ساعد مجتمعك على وقف انتشار المعلومات الخاطئة والمضللة,https://fatabyyano.net/disarming-disinformation/,,Other
هل تريد المساعدة في مكافحة التضليل؟ ساعد مجتمعك على وقف انتشار المعلومات الخاطئة والمضللة,https://fatabyyano.net/disarming-disinformation/,,Other
"Fatabyyano announces the launch of “Kinan” the smart fact-checking assistant, in partnership with Meedan",https://fatabyyano.net/fatabyyano-announces-the-launch-of-kinan-the-smart-fact-checking-assistant-in-partnership-with-meedan/,,Other
"Fatabyyano announces the launch of “Kinan” the smart fact-checking assistant, in partnership with Meedan",https://fatabyyano.net/fatabyyano-announces-the-launch-of-kinan-the-smart-fact-checking-assistant-in-partnership-with-meedan/,,Other
جيبوتي -Djibouti حملة COVID-19 vs F19,https://fatabyyano.net/جيبوتي-djibouti-حملة-covid-19-vs-f19/,,Other
جيبوتي -Djibouti حملة COVID-19 vs F19,https://fatabyyano.net/جيبوتي-djibouti-حملة-covid-19-vs-f19/,,Other
اليمن -Yemen حملة COVID-19 vs F19,https://fatabyyano.net/اليمن-yemen-حملة-covid-19-vs-f19/,,Other
اليمن -Yemen حملة COVID-19 vs F19,https://fatabyyano.net/اليمن-yemen-حملة-covid-19-vs-f19/,,Other
حصري | حقيقة خرافة صوت الحوت الأزرق على سواحل مصر وليبيا والجزائر,https://fatabyyano.net/حصري-حقيقة-خرافة-صوت-الحوت-الأزرق/,,Other
حصري | حقيقة خرافة صوت الحوت الأزرق على سواحل مصر وليبيا والجزائر,https://fatabyyano.net/حصري-حقيقة-خرافة-صوت-الحوت-الأزرق/,,Other
ما حقيقة انشقاق القمر – #فتبينوا – || معاذ الظاهر,https://fatabyyano.net/ما-حقيقة-انشقاق-القمر-فتبينوا-معاذ-ال/,,Other
ما حقيقة انشقاق القمر – #فتبينوا – || معاذ الظاهر,https://fatabyyano.net/ما-حقيقة-انشقاق-القمر-فتبينوا-معاذ-ال/,,Other
أنا كافر بالأبراج | #فتبينوا,https://fatabyyano.net/أنا-كافر-بالأبراج-فتبينوا/,,Other
أنا كافر بالأبراج | #فتبينوا,https://fatabyyano.net/أنا-كافر-بالأبراج-فتبينوا/,,Other
